symbol,name,fyers_symbol
20MICRONS,20 Microns Limited,BSE:20MICRONS-EQ
21STCENMGM,21st Century Management Services Limited,BSE:21STCENMGM-EQ
360ONE,360 ONE WAM LIMITED,BSE:360ONE-EQ
3BBLACKBIO,3B Blackbio Dx Limited,BSE:3BBLACKBIO-EQ
3MINDIA,3M India Limited,BSE:3MINDIA-EQ
3PLAND,3P Land Holdings Limited,BSE:3PLAND-EQ
5PAISA,5Paisa Capital Limited,BSE:5PAISA-EQ
63MOONS,63 moons technologies limited,BSE:63MOONS-EQ
A2ZINFRA,A2Z Infra Engineering Limited,BSE:A2ZINFRA-EQ
AAATECH,AAA Technologies Limited,BSE:AAATECH-EQ
AADHARHFC,Aadhar Housing Finance Limited,BSE:AADHARHFC-EQ
AAKASH,Aakash Exploration Services Limited,BSE:AAKASH-EQ
AAREYDRUGS,Aarey Drugs & Pharmaceuticals Limited,BSE:AAREYDRUGS-EQ
AARON,Aaron Industries Limited,BSE:AARON-EQ
AARTIDRUGS,Aarti Drugs Limited,BSE:AARTIDRUGS-EQ
AARTIIND,Aarti Industries Limited,BSE:AARTIIND-EQ
AARTIPHARM,Aarti Pharmalabs Limited,BSE:AARTIPHARM-EQ
AARVI,Aarvi Encon Limited,BSE:AARVI-EQ
AASTHA,Aastha Spintex Limited,BSE:AASTHA-EQ
AAVAS,Aavas Financiers Limited,BSE:AAVAS-EQ
ABANSENT,Abans Enterprises Limited,BSE:ABANSENT-EQ
ABB,ABB India Limited,BSE:ABB-EQ
ABBOTINDIA,Abbott India Limited,BSE:ABBOTINDIA-EQ
ABCAPITAL,Aditya Birla Capital Limited,BSE:ABCAPITAL-EQ
ABCOTS,A B Cotspin India Limited,BSE:ABCOTS-EQ
ABDL,Allied Blenders and Distillers Limited,BSE:ABDL-EQ
ABFRL,Aditya Birla Fashion and Retail Limited,BSE:ABFRL-EQ
ABLBL,Aditya Birla Lifestyle Brands Limited,BSE:ABLBL-EQ
ABMKNO,ABM Knowledgeware Limited,BSE:ABMKNO-EQ
ABREL,Aditya Birla Real Estate Limited,BSE:ABREL-EQ
ABSLAMC,Aditya Birla Sun Life AMC Limited,BSE:ABSLAMC-EQ
ACC,ACC Limited,BSE:ACC-EQ
ACCELYA,Accelya Solutions India Limited,BSE:ACCELYA-EQ
ACE,Action Construction Equipment Limited,BSE:ACE-EQ
ACEINTEG,Ace Integrated Solutions Limited,BSE:ACEINTEG-EQ
ACGL,Automobile Corporation of Goa Limited,BSE:ACGL-EQ
ACI,Archean Chemical Industries Limited,BSE:ACI-EQ
ACL,Andhra Cements Limited,BSE:ACL-EQ
ACMESOLAR,Acme Solar Holdings Limited,BSE:ACMESOLAR-EQ
ACUTAAS,Acutaas Chemicals Limited,BSE:ACUTAAS-EQ
ADANIENSOL,Adani Energy Solutions Limited,BSE:ADANIENSOL-EQ
ADANIENT,Adani Enterprises Limited,BSE:ADANIENT-EQ
ADANIGREEN,Adani Green Energy Limited,BSE:ADANIGREEN-EQ
ADANIPORTS,Adani Ports and Special Economic Zone Limited,BSE:ADANIPORTS-EQ
ADANIPOWER,Adani Power Limited,BSE:ADANIPOWER-EQ
ADDIND,Addi Industries Limited,BSE:ADDIND-EQ
ADFFOODS,ADF Foods Limited,BSE:ADFFOODS-EQ
ADL,Archidply Decor Limited,BSE:ADL-EQ
ADOR,Ador Welding Limited,BSE:ADOR-EQ
ADROITINFO,Adroit Infotech Limited,BSE:ADROITINFO-EQ
ADSL,Allied Digital Services Limited,BSE:ADSL-EQ
ADVAIT,Advait Energy Transitions Limited,BSE:ADVAIT-EQ
ADVANCE,Advance Agrolife Limited,BSE:ADVANCE-EQ
ADVANIHOTR,Advani Hotels & Resorts (India) Limited,BSE:ADVANIHOTR-EQ
ADVENTHTL,Advent Hotels International Limited,BSE:ADVENTHTL-EQ
ADVENZYMES,Advanced Enzyme Technologies Limited,BSE:ADVENZYMES-EQ
ADVIKCA,Advik Capital Limited,BSE:ADVIKCA-EQ
AEGISLOG,Aegis Logistics Limited,BSE:AEGISLOG-EQ
AEGISVOPAK,Aegis Vopak Terminals Limited,BSE:AEGISVOPAK-EQ
AEPL,Artemis Electricals and Projects Limited,BSE:AEPL-EQ
AEQUS,Aequs Limited,BSE:AEQUS-EQ
AEROENTER,Aeroflex Enterprises Limited,BSE:AEROENTER-EQ
AEROFLEX,Aeroflex Industries Limited,BSE:AEROFLEX-EQ
AERONEU,Aeroflex Neu Limited,BSE:AERONEU-EQ
AEROPLANE,Amir Chand Jagdish Kumar (Exports) Limited,BSE:AEROPLANE-EQ
AETHER,Aether Industries Limited,BSE:AETHER-EQ
AFCONS,Afcons Infrastructure Limited,BSE:AFCONS-EQ
AFFLE,Affle 3i Limited,BSE:AFFLE-EQ
AFFORDABLE,Affordable Robotic & Automation Limited,BSE:AFFORDABLE-EQ
AFIL,Akme Fintrade (India) Limited,BSE:AFIL-EQ
AFSL,Abans Financial Services Limited,BSE:AFSL-EQ
AGARIND,Agarwal Industrial Corporation Limited,BSE:AGARIND-EQ
AGARWALEYE,Dr. Agarwal's Health Care Limited,BSE:AGARWALEYE-EQ
AGI,AGI Greenpac Limited,BSE:AGI-EQ
AGIIL,Agi Infra Limited,BSE:AGIIL-EQ
AGL,Allcargo Global Limited,BSE:AGL-EQ
AGRITECH,Agri-Tech (India) Limited,BSE:AGRITECH-EQ
AGROPHOS,Agro Phos India Limited,BSE:AGROPHOS-EQ
AHCL,Anlon Healthcare Limited,BSE:AHCL-EQ
AHLADA,Ahlada Engineers Limited,BSE:AHLADA-EQ
AHLEAST,Asian Hotels (East) Limited,BSE:AHLEAST-EQ
AHLUCONT,Ahluwalia Contracts (India) Limited,BSE:AHLUCONT-EQ
AIAENG,AIA Engineering Limited,BSE:AIAENG-EQ
AIIL,Authum Investment & Infrastructure Limited,BSE:AIIL-EQ
AIRAN,Airan Limited,BSE:AIRAN-EQ
AIROLAM,Airo Lam limited,BSE:AIROLAM-EQ
AJANTPHARM,Ajanta Pharma Limited,BSE:AJANTPHARM-EQ
AJAXENGG,Ajax Engineering Limited,BSE:AJAXENGG-EQ
AJMERA,Ajmera Realty & Infra India Limited,BSE:AJMERA-EQ
AJOONI,Ajooni Biotech Limited,BSE:AJOONI-EQ
AKASH,Akash Infra-Projects Limited,BSE:AKASH-EQ
AKCAPIT,AK Capital Services Limited,BSE:AKCAPIT-EQ
AKG,Akg Exim Limited,BSE:AKG-EQ
AKI,AKI India Limited,BSE:AKI-EQ
AKSHAR,Akshar Spintex Limited,BSE:AKSHAR-EQ
AKUMS,Akums Drugs and Pharmaceuticals Limited,BSE:AKUMS-EQ
ALANKIT,Alankit Limited,BSE:ALANKIT-EQ
ALBERTDAVD,Albert David Limited,BSE:ALBERTDAVD-EQ
ALEMBICLTD,Alembic Limited,BSE:ALEMBICLTD-EQ
ALFREDHE,Alfred Herbert India Limited,BSE:ALFREDHE-EQ
ALGOQUANT,Algoquant Fintech Limited,BSE:ALGOQUANT-EQ
ALICON,Alicon Castalloy Limited,BSE:ALICON-EQ
ALIVUS,Alivus Life Sciences Limited,BSE:ALIVUS-EQ
ALKALI,Alkali Metals Limited,BSE:ALKALI-EQ
ALKEM,Alkem Laboratories Limited,BSE:ALKEM-EQ
ALKYLAMINE,Alkyl Amines Chemicals Limited,BSE:ALKYLAMINE-EQ
ALLCARGO,Allcargo Logistics Limited,BSE:ALLCARGO-EQ
ALLDIGI,Alldigi Tech Limited,BSE:ALLDIGI-EQ
ALLTIME,All Time Plastics Limited,BSE:ALLTIME-EQ
ALMONDZ,Almondz Global Securities Limited,BSE:ALMONDZ-EQ
ALOKINDS,Alok Industries Limited,BSE:ALOKINDS-EQ
ALPA,Alpa Laboratories Limited,BSE:ALPA-EQ
ALPINETEX,Alpine Texworld Limited,BSE:ALPINETEX-EQ
ALUFLUOR,Alufluoride Limited,BSE:ALUFLUOR-EQ
AMAGI,Amagi Media Labs Limited,BSE:AMAGI-EQ
AMAL,Amal Limited,BSE:AMAL-EQ
AMARJOTHI,Amarjothi Spinning Mills Limited,BSE:AMARJOTHI-EQ
AMBER,Amber Enterprises India Limited,BSE:AMBER-EQ
AMBICAAGAR,Ambica Agarbathies & Aroma industries Limited,BSE:AMBICAAGAR-EQ
AMBIKCO,Ambika Cotton Mills Limited,BSE:AMBIKCO-EQ
AMBUJACEM,Ambuja Cements Limited,BSE:AMBUJACEM-EQ
AMDIND,AMD Industries Limited,BSE:AMDIND-EQ
AMJLAND,Amj Land Holdings Limited,BSE:AMJLAND-EQ
AMNPLST,Amines & Plasticizers Limited,BSE:AMNPLST-EQ
AMRUTANJAN,Amrutanjan Health Care Limited,BSE:AMRUTANJAN-EQ
ANANDRATHI,Anand Rathi Wealth Limited,BSE:ANANDRATHI-EQ
ANANTRAJ,Anant Raj Limited,BSE:ANANTRAJ-EQ
ANDHRAPAP,ANDHRA PAPER LIMITED,BSE:ANDHRAPAP-EQ
ANDHRSUGAR,The Andhra Sugars Limited,BSE:ANDHRSUGAR-EQ
ANDREWYU,Andrew Yule & Company Limited,BSE:ANDREWYU-EQ
ANGELONE,Angel One Limited,BSE:ANGELONE-EQ
ANIKINDS,Anik Industries Limited,BSE:ANIKINDS-EQ
ANMOL,Anmol India Limited,BSE:ANMOL-EQ
ANNAPURNA,Annapurna Swadisht Limited,BSE:ANNAPURNA-EQ
ANSALBU,Ansal Buildwell Limited,BSE:ANSALBU-EQ
ANTELOPUS,Antelopus Selan Energy Limited,BSE:ANTELOPUS-EQ
ANTGRAPHIC,Antarctica Limited,BSE:ANTGRAPHIC-EQ
ANTHEM,Anthem Biosciences Limited,BSE:ANTHEM-EQ
ANUHPHR,Anuh Pharma Limited,BSE:ANUHPHR-EQ
ANUP,The Anup Engineering Limited,BSE:ANUP-EQ
ANURAS,Anupam Rasayan India Limited,BSE:ANURAS-EQ
APARINDS,Apar Industries Limited,BSE:APARINDS-EQ
APCL,Anjani Portland Cement Limited,BSE:APCL-EQ
APCOTEXIND,Apcotex Industries Limited,BSE:APCOTEXIND-EQ
APEX,Apex Frozen Foods Limited,BSE:APEX-EQ
APLAPOLLO,APL Apollo Tubes Limited,BSE:APLAPOLLO-EQ
APLLTD,Alembic Pharmaceuticals Limited,BSE:APLLTD-EQ
APOLLO,Apollo Micro Systems Limited,BSE:APOLLO-EQ
APOLLOHOSP,Apollo Hospitals Enterprise Limited,BSE:APOLLOHOSP-EQ
APOLLOPIPE,Apollo Pipes Limited,BSE:APOLLOPIPE-EQ
APOLLOTYRE,Apollo Tyres Limited,BSE:APOLLOTYRE-EQ
APOLSINHOT,Apollo Sindoori Hotels Limited,BSE:APOLSINHOT-EQ
APOORVA,Apoorva Leasing Finance and Investment Company Limited,BSE:APOORVA-EQ
APTUS,Aptus Value Housing Finance India Limited,BSE:APTUS-EQ
AQYLON,Aqylon Nexus Limited,BSE:AQYLON-EQ
ARCHIDPLY,Archidply Industries Limited,BSE:ARCHIDPLY-EQ
ARCHIES,Archies Limited,BSE:ARCHIES-EQ
ARCL,ARCL Organics Limited,BSE:ARCL-EQ
ARDEE,Ardee Industries Limited,BSE:ARDEE-EQ
ARE&M,Amara Raja Energy & Mobility Limited,BSE:ARE&M-EQ
ARENTERP,Rajdarshan Industries Limited,BSE:ARENTERP-EQ
ARFIN,Arfin India Limited,BSE:ARFIN-EQ
ARIHANT,Arihant Foundations & Housing Limited,BSE:ARIHANT-EQ
ARIHANTCAP,Arihant Capital Markets Limited,BSE:ARIHANTCAP-EQ
ARIHANTSUP,Arihant Superstructures Limited,BSE:ARIHANTSUP-EQ
ARIS,Arisinfra Solutions Limited,BSE:ARIS-EQ
ARKADE,Arkade Developers Limited,BSE:ARKADE-EQ
ARMANFIN,Arman Financial Services Limited,BSE:ARMANFIN-EQ
AROGRANITE,Aro Granite Industries Limited,BSE:AROGRANITE-EQ
ARSSBL,Anand Rathi Share and Stock Brokers Limited,BSE:ARSSBL-EQ
ARTEMISMED,Artemis Medicare Services Limited,BSE:ARTEMISMED-EQ
ARTNIRMAN,Art Nirman Limited,BSE:ARTNIRMAN-EQ
ARVEE,Arvee Laboratories (India) Limited,BSE:ARVEE-EQ
ARVIND,Arvind Limited,BSE:ARVIND-EQ
ARVINDFASN,Arvind Fashions Limited,BSE:ARVINDFASN-EQ
ARVSMART,Arvind SmartSpaces Limited,BSE:ARVSMART-EQ
ARYAMAN,Aryaman Financial Services Limited,BSE:ARYAMAN-EQ
ASAHIINDIA,Asahi India Glass Limited,BSE:ASAHIINDIA-EQ
ASAL,Automotive Stampings and Assemblies Limited,BSE:ASAL-EQ
ASALCBR,Associated Alcohols & Breweries Ltd.,BSE:ASALCBR-EQ
ASHAPURMIN,Ashapura Minechem Limited,BSE:ASHAPURMIN-EQ
ASHIANA,Ashiana Housing Limited,BSE:ASHIANA-EQ
ASHIMASYN,Ashima Limited,BSE:ASHIMASYN-EQ
ASHOKA,Ashoka Buildcon Limited,BSE:ASHOKA-EQ
ASHOKAMET,Ashoka Metcast Limited,BSE:ASHOKAMET-EQ
ASHOKLEY,Ashok Leyland Limited,BSE:ASHOKLEY-EQ
ASIANENE,Asian Energy Services Limited,BSE:ASIANENE-EQ
ASIANHOTNR,Asian Hotels (North) Limited,BSE:ASIANHOTNR-EQ
ASIANPAINT,Asian Paints Limited,BSE:ASIANPAINT-EQ
ASIANTILES,Asian Granito India Limited,BSE:ASIANTILES-EQ
ASIANTNE,Asian Tea & Exports Limited,BSE:ASIANTNE-EQ
ASKAUTOLTD,ASK Automotive Limited,BSE:ASKAUTOLTD-EQ
ASPINWALL,Aspinwall and Company Limited,BSE:ASPINWALL-EQ
ASSAMENT,Assam Entrade Limited,BSE:ASSAMENT-EQ
ASTAR,Asian Star Company Limited,BSE:ASTAR-EQ
ASTEC,Astec LifeSciences Limited,BSE:ASTEC-EQ
ASTERDM,Aster DM Quality Care Limited,BSE:ASTERDM-EQ
ASTRAL,Astral Limited,BSE:ASTRAL-EQ
ASTRAMICRO,Astra Microwave Products Limited,BSE:ASTRAMICRO-EQ
ASTRAZEN,AstraZeneca Pharma India Limited,BSE:ASTRAZEN-EQ
ATALREAL,Atal Realtech Limited,BSE:ATALREAL-EQ
ATAM,Atam Valves Limited,BSE:ATAM-EQ
ATGL,Adani Total Gas Limited,BSE:ATGL-EQ
ATHERENERG,Ather Energy Limited,BSE:ATHERENERG-EQ
ATL,Allcargo Terminals Limited,BSE:ATL-EQ
ATLANTAA,ATLANTAA LIMITED,BSE:ATLANTAA-EQ
ATLANTAELE,Atlanta Electricals Limited,BSE:ATLANTAELE-EQ
ATLASCYCLE,Atlas Cycles (Haryana) Limited,BSE:ATLASCYCLE-EQ
ATUL,Atul Limited,BSE:ATUL-EQ
ATULAUTO,Atul Auto Limited,BSE:ATULAUTO-EQ
AUBANK,AU Small Finance Bank Limited,BSE:AUBANK-EQ
AUGMONT,Augmont Enterprises Limited,BSE:AUGMONT-EQ
AURIONPRO,Aurionpro Solutions Limited,BSE:AURIONPRO-EQ
AUROPHARMA,Aurobindo Pharma Limited,BSE:AUROPHARMA-EQ
AURUM,Aurum PropTech Limited,BSE:AURUM-EQ
AURUS,AURUS GEM CORPORATION LIMITED,BSE:AURUS-EQ
AUSOMENT,Ausom Enterprise Limited,BSE:AUSOMENT-EQ
AUSTENG,Austin Engineering Company  Limited,BSE:AUSTENG-EQ
AUTOAXLES,Automotive Axles Limited,BSE:AUTOAXLES-EQ
AUTOIND,Autoline Industries Limited,BSE:AUTOIND-EQ
AVADHSUGAR,Avadh Sugar & Energy Limited,BSE:AVADHSUGAR-EQ
AVALON,Avalon Technologies Limited,BSE:AVALON-EQ
AVANCE,Avance Technologies Limited,BSE:AVANCE-EQ
AVANTEL,Avantel Limited,BSE:AVANTEL-EQ
AVANTIFEED,Avanti Feeds Limited,BSE:AVANTIFEED-EQ
AVL,Aditya Vision Limited,BSE:AVL-EQ
AVONMORE,Avonmore Capital & Management Services Limited,BSE:AVONMORE-EQ
AVROIND,AVRO INDIA LIMITED,BSE:AVROIND-EQ
AVTNPL,AVT Natural Products Limited,BSE:AVTNPL-EQ
AWFIS,Awfis Space Solutions Limited,BSE:AWFIS-EQ
AWHCL,Antony Waste Handling Cell Limited,BSE:AWHCL-EQ
AWL,AWL Agri Business Limited,BSE:AWL-EQ
AXISBANK,Axis Bank Limited,BSE:AXISBANK-EQ
AXISCADES,AXISCADES Technologies Limited,BSE:AXISCADES-EQ
AXITA,Axita Cotton Limited,BSE:AXITA-EQ
AXTEL,Axtel Industries Limited,BSE:AXTEL-EQ
AYE,Aye Finance Limited,BSE:AYE-EQ
AYMSYNTEX,AYM Syntex Limited,BSE:AYMSYNTEX-EQ
AZAD,Azad Engineering Limited,BSE:AZAD-EQ
AZADIND,Azad India Mobility Limited,BSE:AZADIND-EQ
BAGFILMS,B.A.G Films and Media Limited,BSE:BAGFILMS-EQ
BAIDFIN,Baid Finserv Limited,BSE:BAIDFIN-EQ
BAJAJ-AUTO,Bajaj Auto Limited,BSE:BAJAJ-AUTO-EQ
BAJAJCON,Bajaj Consumer Care Limited,BSE:BAJAJCON-EQ
BAJAJELEC,Bajaj Electricals Limited,BSE:BAJAJELEC-EQ
BAJAJFINSV,Bajaj Finserv Limited,BSE:BAJAJFINSV-EQ
BAJAJHCARE,Bajaj Healthcare Limited,BSE:BAJAJHCARE-EQ
BAJAJHFL,Bajaj Housing Finance Limited,BSE:BAJAJHFL-EQ
BAJAJHIND,Bajaj Hindusthan Sugar Limited,BSE:BAJAJHIND-EQ
BAJAJHLDNG,Bajaj Holdings & Investment Limited,BSE:BAJAJHLDNG-EQ
BAJAJINDEF,Indef Manufacturing Limited,BSE:BAJAJINDEF-EQ
BAJAJST,Bajaj Steel Industries Limited,BSE:BAJAJST-EQ
BAJEL,Bajel Projects Limited,BSE:BAJEL-EQ
BAJFINANCE,Bajaj Finance Limited,BSE:BAJFINANCE-EQ
BALAJEE,Shree Tirupati Balajee Agro Trading Company Limited,BSE:BALAJEE-EQ
BALAJITELE,Balaji Telefilms Limited,BSE:BALAJITELE-EQ
BALAMINES,Balaji Amines Limited,BSE:BALAMINES-EQ
BALAXI,BALAXI PHARMACEUTICALS LIMITED,BSE:BALAXI-EQ
BALKRISHNA,Balkrishna Paper Mills Limited,BSE:BALKRISHNA-EQ
BALKRISIND,Balkrishna Industries Limited,BSE:BALKRISIND-EQ
BALMLAWRIE,Balmer Lawrie & Company Limited,BSE:BALMLAWRIE-EQ
BALPHARMA,Bal Pharma Limited,BSE:BALPHARMA-EQ
BALRAMCHIN,Balrampur Chini Mills Limited,BSE:BALRAMCHIN-EQ
BALUFORGE,Balu Forge Industries Limited,BSE:BALUFORGE-EQ
BANARBEADS,Banaras Beads Limited,BSE:BANARBEADS-EQ
BANARISUG,Bannari Amman Sugars Limited,BSE:BANARISUG-EQ
BANCOINDIA,Banco Products (I) Limited,BSE:BANCOINDIA-EQ
BANDHANBNK,Bandhan Bank Limited,BSE:BANDHANBNK-EQ
BANG,Bang Overseas Limited,BSE:BANG-EQ
BANKA,Banka BioLoo Limited,BSE:BANKA-EQ
BANKBARODA,Bank of Baroda,BSE:BANKBARODA-EQ
BANKINDIA,Bank of India,BSE:BANKINDIA-EQ
BANSALWIRE,Bansal Wire Industries Limited,BSE:BANSALWIRE-EQ
BANSWRAS,Banswara Syntex Limited,BSE:BANSWRAS-EQ
BASF,BASF India Limited,BSE:BASF-EQ
BATAINDIA,Bata India Limited,BSE:BATAINDIA-EQ
BATLIBOI,Batliboi Limited,BSE:BATLIBOI-EQ
BAYERCROP,Bayer Cropscience Limited,BSE:BAYERCROP-EQ
BBL,Bharat Bijlee Limited,BSE:BBL-EQ
BBOX,Black Box Limited,BSE:BBOX-EQ
BBTC,The Bombay Burmah Trading Corporation Limited,BSE:BBTC-EQ
BBTCL,B&B Triplewall Containers Limited,BSE:BBTCL-EQ
BCG,Brightcom Group Limited,BSE:BCG-EQ
BCLIND,Bcl Industries Limited,BSE:BCLIND-EQ
BCONCEPTS,Brand Concepts Limited,BSE:BCONCEPTS-EQ
BCPL,BCPL Railway Infrastructure Limited,BSE:BCPL-EQ
BDL,Bharat Dynamics Limited,BSE:BDL-EQ
BEARDSELL,Beardsell Limited,BSE:BEARDSELL-EQ
BECTORFOOD,Mrs. Bectors Food Specialities Limited,BSE:BECTORFOOD-EQ
BEDMUTHA,Bedmutha Industries Limited,BSE:BEDMUTHA-EQ
BEEKAY,Beekay Steel Industries Limited,BSE:BEEKAY-EQ
BEL,Bharat Electronics Limited,BSE:BEL-EQ
BELLACASA,Bella Casa Fashion & Retail Limited,BSE:BELLACASA-EQ
BELRISE,Belrise Industries Limited,BSE:BELRISE-EQ
BEML,BEML Limited,BSE:BEML-EQ
BENARAS,Benares Hotels Limited,BSE:BENARAS-EQ
BENGALASM,Bengal & Assam Company Limited,BSE:BENGALASM-EQ
BEPL,Bhansali Engineering Polymers Limited,BSE:BEPL-EQ
BERGEPAINT,Berger Paints (I) Limited,BSE:BERGEPAINT-EQ
BESTAGRO,Best Agrolife Limited,BSE:BESTAGRO-EQ
BETA,Beta Drugs Limited,BSE:BETA-EQ
BFINVEST,BF Investment Limited,BSE:BFINVEST-EQ
BFUTILITIE,BF Utilities Limited,BSE:BFUTILITIE-EQ
BHAGCHEM,Bhagiradha Chemicals & Industries Limited,BSE:BHAGCHEM-EQ
BHAGYANGR,Bhagyanagar India Limited,BSE:BHAGYANGR-EQ
BHANDARI,Bhandari Hosiery Exports Limited,BSE:BHANDARI-EQ
BHARATCOAL,Bharat Coking Coal Limited,BSE:BHARATCOAL-EQ
BHARATFORG,Bharat Forge Limited,BSE:BHARATFORG-EQ
BHARATRAS,Bharat Rasayan Limited,BSE:BHARATRAS-EQ
BHARATSE,Bharat Seats Limited,BSE:BHARATSE-EQ
BHARATWIRE,Bharat Wire Ropes Limited,BSE:BHARATWIRE-EQ
BHARTIARTL,Bharti Airtel Limited,BSE:BHARTIARTL-EQ
BHARTIHEXA,Bharti Hexacom Limited,BSE:BHARTIHEXA-EQ
BHEL,Bharat Heavy Electricals Limited,BSE:BHEL-EQ
BIGBLOC,Bigbloc Construction Limited,BSE:BIGBLOC-EQ
BIKAJI,Bikaji Foods International Limited,BSE:BIKAJI-EQ
BIL,Bhartiya International Limited,BSE:BIL-EQ
BIMETAL,Bimetal Bearings Limited,BSE:BIMETAL-EQ
BIOCON,Biocon Limited,BSE:BIOCON-EQ
BIOFILCHEM,Biofil Chemicals & Pharmaceuticals Limited,BSE:BIOFILCHEM-EQ
BIRLACABLE,Birla Cable Limited,BSE:BIRLACABLE-EQ
BIRLACORPN,Birla Corporation Limited,BSE:BIRLACORPN-EQ
BIRLAMONEY,Aditya Birla Money Limited,BSE:BIRLAMONEY-EQ
BIRLANU,BirlaNu Limited,BSE:BIRLANU-EQ
BIRLAPREC,Birla Precision Technologies Limited,BSE:BIRLAPREC-EQ
BLACKBUCK,BLACKBUCK LIMITED,BSE:BLACKBUCK-EQ
BLAL,BEML Land Assets Limited,BSE:BLAL-EQ
BLBLIMITED,BLB Limited,BSE:BLBLIMITED-EQ
BLEL,Behari Lal Engineering Limited,BSE:BLEL-EQ
BLIL,Balmer Lawrie Investments Limited,BSE:BLIL-EQ
BLKASHYAP,B. L. Kashyap and Sons Limited,BSE:BLKASHYAP-EQ
BLS,BLS International Services Limited,BSE:BLS-EQ
BLSE,BLS E-Services Limited,BSE:BLSE-EQ
BLUECLOUDS,Blue Cloud Softech Solutions Limited,BSE:BLUECLOUDS-EQ
BLUECOAST,Blue Coast Hotels Limited,BSE:BLUECOAST-EQ
BLUEDART,Blue Dart Express Limited,BSE:BLUEDART-EQ
BLUEJET,Blue Jet Healthcare Limited,BSE:BLUEJET-EQ
BLUESTARCO,Blue Star Limited,BSE:BLUESTARCO-EQ
BLUESTONE,BlueStone Jewellery and Lifestyle Limited,BSE:BLUESTONE-EQ
BLUSPRING,Bluspring Enterprises Limited,BSE:BLUSPRING-EQ
BMWVENTLTD,BMW Ventures Limited,BSE:BMWVENTLTD-EQ
BNAGROCHEM,BN Agrochem Limited,BSE:BNAGROCHEM-EQ
BODALCHEM,Bodal Chemicals Limited,BSE:BODALCHEM-EQ
BOHRAIND,Bohra Industries Limited,BSE:BOHRAIND-EQ
BOMDYEING,Bombay Dyeing & Mfg Company Limited,BSE:BOMDYEING-EQ
BONLON,Bonlon Industries Limited,BSE:BONLON-EQ
BORANA,Borana Weaves Limited,BSE:BORANA-EQ
BOROLTD,Borosil Limited,BSE:BOROLTD-EQ
BORORENEW,BOROSIL RENEWABLES LIMITED,BSE:BORORENEW-EQ
BOROSCI,Borosil Scientific Limited,BSE:BOROSCI-EQ
BOSCH-HCIL,BOSCH HOME COMFORT INDIA LIMITED,BSE:BOSCH-HCIL-EQ
BOSCHLTD,Bosch Limited,BSE:BOSCHLTD-EQ
BPCL,Bharat Petroleum Corporation Limited,BSE:BPCL-EQ
BPL,BPL Limited,BSE:BPL-EQ
BPLPHARMA,Bharat Parenterals Limited,BSE:BPLPHARMA-EQ
BRAHMINFRA,Brahmaputra Infrastructure Limited,BSE:BRAHMINFRA-EQ
BRIGADE,Brigade Enterprises Limited,BSE:BRIGADE-EQ
BRIGHOTEL,Brigade Hotel Ventures Limited,BSE:BRIGHOTEL-EQ
BRIGHTBR,Bright Brothers Limited,BSE:BRIGHTBR-EQ
BRITANNIA,Britannia Industries Limited,BSE:BRITANNIA-EQ
BRNL,Bharat Road Network Limited,BSE:BRNL-EQ
BROOKS,Brooks Laboratories Limited,BSE:BROOKS-EQ
BSE,BSE Limited,BSE:BSE-EQ
BSHSL,Bombay Super Hybrid Seeds Limited,BSE:BSHSL-EQ
BSL,BSL Limited,BSE:BSL-EQ
BSOFT,BIRLASOFT LIMITED,BSE:BSOFT-EQ
BTML,Bodhi Tree Multimedia Limited,BSE:BTML-EQ
BUILDPRO,Shankara Buildpro Limited,BSE:BUILDPRO-EQ
BURNPUR,Burnpur Cement Limited,BSE:BURNPUR-EQ
BUTTERFLY,Butterfly Gandhimathi Appliances Limited,BSE:BUTTERFLY-EQ
BVCL,Barak Valley Cements Limited,BSE:BVCL-EQ
CAMLINFINE,Camlin Fine Sciences Limited,BSE:CAMLINFINE-EQ
CAMPUS,Campus Activewear Limited,BSE:CAMPUS-EQ
CAMS,Computer Age Management Services Limited,BSE:CAMS-EQ
CANBK,Canara Bank,BSE:CANBK-EQ
CANFINHOME,Can Fin Homes Limited,BSE:CANFINHOME-EQ
CANHLIFE,Canara HSBC Life Insurance Company Limited,BSE:CANHLIFE-EQ
CANTABIL,Cantabil Retail India Limited,BSE:CANTABIL-EQ
CAPACITE,Capacit'e Infraprojects Limited,BSE:CAPACITE-EQ
CAPILLARY,Capillary Technologies India Limited,BSE:CAPILLARY-EQ
CAPITALSFB,Capital Small Finance Bank Limited,BSE:CAPITALSFB-EQ
CAPLIPOINT,Caplin Point Laboratories Limited,BSE:CAPLIPOINT-EQ
CARBORUNIV,Carborundum Universal Limited,BSE:CARBORUNIV-EQ
CARERATING,CARE Ratings Limited,BSE:CARERATING-EQ
CARRARO,Carraro India Limited,BSE:CARRARO-EQ
CARTRADE,Cartrade Tech Limited,BSE:CARTRADE-EQ
CARYSIL,CARYSIL LIMITED,BSE:CARYSIL-EQ
CASTROLIND,Castrol India Limited,BSE:CASTROLIND-EQ
CCAVENUE,AvenuesAI Limited,BSE:CCAVENUE-EQ
CCCL,Consolidated Construction Consortium Limited,BSE:CCCL-EQ
CCHHL,Country Club Hospitality & Holidays Limited,BSE:CCHHL-EQ
CCL,CCL Products (India) Limited,BSE:CCL-EQ
CDSL,Central Depository Services (India) Limited,BSE:CDSL-EQ
CEATLTD,CEAT Limited,BSE:CEATLTD-EQ
CEIGALL,Ceigall India Limited,BSE:CEIGALL-EQ
CEINSYS,Ceinsys Tech Limited,BSE:CEINSYS-EQ
CELEBRITY,Celebrity Fashions Limited,BSE:CELEBRITY-EQ
CELLO,Cello World Limited,BSE:CELLO-EQ
CEMPRO,Cemindia Projects Limited,BSE:CEMPRO-EQ
CENTENKA,Century Enka Limited,BSE:CENTENKA-EQ
CENTEXT,Century Extrusions Limited,BSE:CENTEXT-EQ
CENTRALBK,Central Bank of India,BSE:CENTRALBK-EQ
CENTRUM,Centrum Capital Limited,BSE:CENTRUM-EQ
CENTUM,Centum Electronics Limited,BSE:CENTUM-EQ
CENTURYPLY,Century Plyboards (India) Limited,BSE:CENTURYPLY-EQ
CERA,Cera Sanitaryware Limited,BSE:CERA-EQ
CESC,CESC Limited,BSE:CESC-EQ
CEWATER,Concord Enviro Systems Limited,BSE:CEWATER-EQ
CFEL,Confidence Futuristic Energetech Limited,BSE:CFEL-EQ
CGCL,Capri Global Capital Limited,BSE:CGCL-EQ
CGPOWER,CG Power and Industrial Solutions Limited,BSE:CGPOWER-EQ
CGVAK,CG Vak Software & Exports Limited,BSE:CGVAK-EQ
CHALET,Chalet Hotels Limited,BSE:CHALET-EQ
CHAMBLFERT,Chambal Fertilizers & Chemicals Limited,BSE:CHAMBLFERT-EQ
CHEMBOND,Chembond Material Technologies Limited,BSE:CHEMBOND-EQ
CHEMCRUX,Chemcrux Enterprises Limited,BSE:CHEMCRUX-EQ
CHEMFAB,Chemfab Alkalis Limited,BSE:CHEMFAB-EQ
CHEMPLASTS,Chemplast Sanmar Limited,BSE:CHEMPLASTS-EQ
CHENNPETRO,Chennai Petroleum Corporation Limited,BSE:CHENNPETRO-EQ
CHEVIOT,Cheviot Company Limited,BSE:CHEVIOT-EQ
CHOICEIN,Choice International Limited,BSE:CHOICEIN-EQ
CHOLAFIN,Cholamandalam Investment and Finance Company Limited,BSE:CHOLAFIN-EQ
CHOLAHLDNG,Cholamandalam Financial Holdings Limited,BSE:CHOLAHLDNG-EQ
CIEINDIA,CIE Automotive India Limited,BSE:CIEINDIA-EQ
CIFL,Capital India Finance Limited,BSE:CIFL-EQ
CINELINE,Cineline India Limited,BSE:CINELINE-EQ
CINEVISTA,Cinevista Limited,BSE:CINEVISTA-EQ
CIPLA,Cipla Limited,BSE:CIPLA-EQ
CLEAN,Clean Science and Technology Limited,BSE:CLEAN-EQ
CLEANMAX,Clean Max Enviro Energy Solutions Limited,BSE:CLEANMAX-EQ
CLEDUCATE,CL Educate Limited,BSE:CLEDUCATE-EQ
CLSEL,Chaman Lal Setia Exports Limited,BSE:CLSEL-EQ
CMLL,Caliber Mining and Logistics Limited,BSE:CMLL-EQ
CMPDI,Central Mine Planning & Design Institute Limited,BSE:CMPDI-EQ
CMRGREEN,CMR Green Technologies Limited,BSE:CMRGREEN-EQ
CMSINFO,CMS Info Systems Limited,BSE:CMSINFO-EQ
CNL,Creative Newtech Limited,BSE:CNL-EQ
COALINDIA,Coal India Limited,BSE:COALINDIA-EQ
COASTCORP,Coastal Corporation Limited,BSE:COASTCORP-EQ
COCHINSHIP,Cochin Shipyard Limited,BSE:COCHINSHIP-EQ
COCKERILL,John Cockerill India Limited,BSE:COCKERILL-EQ
COFFEEDAY,Coffee Day Enterprises Limited,BSE:COFFEEDAY-EQ
COFORGE,Coforge Limited,BSE:COFORGE-EQ
COHANCE,Cohance Lifesciences Limited,BSE:COHANCE-EQ
COLPAL,Colgate Palmolive (India) Limited,BSE:COLPAL-EQ
COMFINTE,Comfort Intech Limited,BSE:COMFINTE-EQ
COMPEAU,Competent Automobiles Company Limited,BSE:COMPEAU-EQ
COMPUSOFT,Compucom Software Limited,BSE:COMPUSOFT-EQ
COMSYN,Commercial Syn Bags Limited,BSE:COMSYN-EQ
CONCOR,Container Corporation of India Limited,BSE:CONCOR-EQ
CONCORDBIO,Concord Biotech Limited,BSE:CONCORDBIO-EQ
CONFIPET,Confidence Petroleum India Limited,BSE:CONFIPET-EQ
CONTROLPR,Control Print Limited,BSE:CONTROLPR-EQ
CORALFINAC,Coral India Finance & Housing Limited,BSE:CORALFINAC-EQ
CORDELIA,Waterways Leisure Tourism Limited,BSE:CORDELIA-EQ
CORDSCABLE,Cords Cable Industries Limited,BSE:CORDSCABLE-EQ
COROMANDEL,Coromandel International Limited,BSE:COROMANDEL-EQ
CORONA,CORONA Remedies Limited,BSE:CORONA-EQ
COSMOFIRST,COSMO FIRST LIMITED,BSE:COSMOFIRST-EQ
CPCAP,CP Capital Limited,BSE:CPCAP-EQ
CPEDU,Career Point Edutech Limited,BSE:CPEDU-EQ
CPL,Captain Polyplast Limited,BSE:CPL-EQ
CPPLUS,Aditya Infotech Limited,BSE:CPPLUS-EQ
CRAFTSMAN,Craftsman Automation Limited,BSE:CRAFTSMAN-EQ
CRAMC,Canara Robeco Asset Management Company Limited,BSE:CRAMC-EQ
CRAVATEX,Cravatex Limited,BSE:CRAVATEX-EQ
CREATIVEYE,Creative Eye Limited,BSE:CREATIVEYE-EQ
CREDITACC,CREDITACCESS GRAMEEN LIMITED,BSE:CREDITACC-EQ
CREST,Crest Ventures Limited,BSE:CREST-EQ
CRISIL,Crisil Limited,BSE:CRISIL-EQ
CRIZAC,Crizac Limited,BSE:CRIZAC-EQ
CROMPTON,Crompton Greaves Consumer Electricals Limited,BSE:CROMPTON-EQ
CROWN,Crown Lifters Limited,BSE:CROWN-EQ
CSBBANK,CSB Bank Limited,BSE:CSBBANK-EQ
CSLFINANCE,CSL Finance Limited,BSE:CSLFINANCE-EQ
CSM,CSM Technologies Limited,BSE:CSM-EQ
CUB,City Union Bank Limited,BSE:CUB-EQ
CUBEXTUB,Cubex Tubings Limited,BSE:CUBEXTUB-EQ
CUMMINSIND,Cummins India Limited,BSE:CUMMINSIND-EQ
CUPID,Cupid Limited,BSE:CUPID-EQ
CURAA,Cura Technologies Limited,BSE:CURAA-EQ
CYBERMEDIA,Cyber Media (India) Limited,BSE:CYBERMEDIA-EQ
CYIENT,Cyient Limited,BSE:CYIENT-EQ
CYIENTDLM,Cyient DLM Limited,BSE:CYIENTDLM-EQ
DABUR,Dabur India Limited,BSE:DABUR-EQ
DALBHARAT,Dalmia Bharat Limited,BSE:DALBHARAT-EQ
DALMIASUG,Dalmia Bharat Sugar and Industries Limited,BSE:DALMIASUG-EQ
DAMCAPITAL,Dam Capital Advisors Limited,BSE:DAMCAPITAL-EQ
DANGEE,Dangee Dums Limited,BSE:DANGEE-EQ
DATAMATICS,Datamatics Global Services Limited,BSE:DATAMATICS-EQ
DATAPATTNS,Data Patterns (India) Limited,BSE:DATAPATTNS-EQ
DAVANGERE,Davangere Sugar Company Limited,BSE:DAVANGERE-EQ
DBCORP,D.B.Corp Limited,BSE:DBCORP-EQ
DBEIL,Deepak Builders & Engineers India Limited,BSE:DBEIL-EQ
DBL,Dilip Buildcon Limited,BSE:DBL-EQ
DBOL,Dhampur Bio Organics Limited,BSE:DBOL-EQ
DBREALTY,Valor Estate Limited,BSE:DBREALTY-EQ
DCAL,Dishman Carbogen Amcis Limited,BSE:DCAL-EQ
DCBBANK,DCB Bank Limited,BSE:DCBBANK-EQ
DCI,Dc Infotech And Communication Limited,BSE:DCI-EQ
DCMFINSERV,DCM Financial Services Limited,BSE:DCMFINSERV-EQ
DCMNVL,DCM Nouvelle Limited,BSE:DCMNVL-EQ
DCMSHRIRAM,DCM Shriram Limited,BSE:DCMSHRIRAM-EQ
DCMSIL,DCM Shriram International Limited,BSE:DCMSIL-EQ
DCMSRIND,DCM Shriram Industries Limited,BSE:DCMSRIND-EQ
DCW,DCW Limited,BSE:DCW-EQ
DCXINDIA,DCX Systems Limited,BSE:DCXINDIA-EQ
DDEVPLSTIK,Ddev Plastiks Industries Limited,BSE:DDEVPLSTIK-EQ
DECCANCE,Deccan Cements Limited,BSE:DECCANCE-EQ
DECNGOLD,Deccan Gold Mines Limited,BSE:DECNGOLD-EQ
DEEDEV,DEE Development Engineers Limited,BSE:DEEDEV-EQ
DEEP,Deep Polymers Limited,BSE:DEEP-EQ
DEEPA,Deepa Jewellers Limited,BSE:DEEPA-EQ
DEEPAKFERT,Deepak Fertilizers and Petrochemicals Corporation Limited,BSE:DEEPAKFERT-EQ
DEEPAKNTR,Deepak Nitrite Limited,BSE:DEEPAKNTR-EQ
DEEPINDS,Deep Industries Limited,BSE:DEEPINDS-EQ
DELHIVERY,Delhivery Limited,BSE:DELHIVERY-EQ
DELTACORP,Delta Corp Limited,BSE:DELTACORP-EQ
DELTAMAGNT,Delta Manufacturing Limited,BSE:DELTAMAGNT-EQ
DEN,Den Networks Limited,BSE:DEN-EQ
DENORA,De Nora India Limited,BSE:DENORA-EQ
DENTA,Denta Water and Infra Solutions Limited,BSE:DENTA-EQ
DEVIT,Dev Information Technology Limited,BSE:DEVIT-EQ
DEVX,Dev Accelerator Limited,BSE:DEVX-EQ
DEVYANI,Devyani International Limited,BSE:DEVYANI-EQ
DGCONTENT,Digicontent Limited,BSE:DGCONTENT-EQ
DHAMPURSUG,Dhampur Sugar Mills Limited,BSE:DHAMPURSUG-EQ
DHANBANK,Dhanlaxmi Bank Limited,BSE:DHANBANK-EQ
DHANUKA,Dhanuka Agritech Limited,BSE:DHANUKA-EQ
DHARMAJ,Dharmaj Crop Guard Limited,BSE:DHARMAJ-EQ
DHATRE,Dhatre Udyog Limited,BSE:DHATRE-EQ
DHOOTTRANS,Dhoot Transmission Limited,BSE:DHOOTTRANS-EQ
DHRUV,Dhruv Consultancy Services Limited,BSE:DHRUV-EQ
DHUNINV,Dhunseri Investments Limited,BSE:DHUNINV-EQ
DIAMINESQ,Diamines & Chemicals Limited,BSE:DIAMINESQ-EQ
DIAMONDYD,Prataap Snacks Limited,BSE:DIAMONDYD-EQ
DICIND,DIC India Limited,BSE:DICIND-EQ
DIFFNKG,Diffusion Engineers Limited,BSE:DIFFNKG-EQ
DIGIDRIVE,Digidrive Distributors Limited,BSE:DIGIDRIVE-EQ
DIGISPICE,DiGiSPICE Technologies Limited,BSE:DIGISPICE-EQ
DIGITIDE,Digitide Solutions Limited,BSE:DIGITIDE-EQ
DIGJAMLMTD,Digjam Limited,BSE:DIGJAMLMTD-EQ
DISAQ,Disa India Limited,BSE:DISAQ-EQ
DISHTV,Dish TV India Limited,BSE:DISHTV-EQ
DIVGIITTS,Divgi Torqtransfer Systems Limited,BSE:DIVGIITTS-EQ
DIVISLAB,Divi's Laboratories Limited,BSE:DIVISLAB-EQ
DIXON,Dixon Technologies (India) Limited,BSE:DIXON-EQ
DJML,DJ Mediaprint & Logistics Limited,BSE:DJML-EQ
DLF,DLF Limited,BSE:DLF-EQ
DLINKINDIA,D-Link (India) Limited,BSE:DLINKINDIA-EQ
DMART,Avenue Supermarts Limited,BSE:DMART-EQ
DMCC,DMCC SPECIALITY CHEMICALS LIMITED,BSE:DMCC-EQ
DNAMEDIA,Diligent Media Corporation Limited,BSE:DNAMEDIA-EQ
DODLA,Dodla Dairy Limited,BSE:DODLA-EQ
DOLATALGO,Dolat Algotech Limited,BSE:DOLATALGO-EQ
DOLLAR,Dollar Industries Limited,BSE:DOLLAR-EQ
DOLPHIN,Dolphin Offshore Enterprises (India) Limited,BSE:DOLPHIN-EQ
DOMS,DOMS Industries Limited,BSE:DOMS-EQ
DONEAR,Donear Industries Limited,BSE:DONEAR-EQ
DPABHUSHAN,D. P. Abhushan Limited,BSE:DPABHUSHAN-EQ
DRAGARWQ,Dr Agarwals Eye Hospital Limited,BSE:DRAGARWQ-EQ
DRCSYSTEMS,DRC Systems India Limited,BSE:DRCSYSTEMS-EQ
DREAMFOLKS,Dreamfolks Services Limited,BSE:DREAMFOLKS-EQ
DREDGECORP,Dredging Corporation of India Limited,BSE:DREDGECORP-EQ
DRREDDY,Dr. Reddy's Laboratories Limited,BSE:DRREDDY-EQ
DSSL,Dynacons Systems & Solutions Limited,BSE:DSSL-EQ
DUCON,Ducon Infratechnologies Limited,BSE:DUCON-EQ
DVL,Dhunseri Ventures Limited,BSE:DVL-EQ
DWARKESH,Dwarikesh Sugar Industries Limited,BSE:DWARKESH-EQ
DYCL,Dynamic Cables Limited,BSE:DYCL-EQ
DYNAMATECH,Dynamatic Technologies Limited,BSE:DYNAMATECH-EQ
DYNPRO,Dynemic Products Limited,BSE:DYNPRO-EQ
EASEMYTRIP,Easy Trip Planners Limited,BSE:EASEMYTRIP-EQ
EASTWEST,East West Freight Carriers Limited,BSE:EASTWEST-EQ
EBGNG,GNG Electronics Limited,BSE:EBGNG-EQ
ECLERX,eClerx Services Limited,BSE:ECLERX-EQ
ECORECO,Eco Recycling Limited,BSE:ECORECO-EQ
ECOSMOBLTY,Ecos (India) Mobility & Hospitality Limited,BSE:ECOSMOBLTY-EQ
EDELWEISS,Edelweiss Financial Services Limited,BSE:EDELWEISS-EQ
EFCIL,EFC (I) Limited,BSE:EFCIL-EQ
EICHERMOT,Eicher Motors Limited,BSE:EICHERMOT-EQ
EIDPARRY,EID Parry India Limited,BSE:EIDPARRY-EQ
EIEL,Enviro Infra Engineers Limited,BSE:EIEL-EQ
EIHAHOTELS,EIH Associated Hotels Limited,BSE:EIHAHOTELS-EQ
EIHOTEL,EIH Limited,BSE:EIHOTEL-EQ
EIMCOELECO,Eimco Elecon (India) Limited,BSE:EIMCOELECO-EQ
EKC,Everest Kanto Cylinder Limited,BSE:EKC-EQ
EKI,EKI Energy Services Limited,BSE:EKI-EQ
ELANTAS,Elantas Beck India Limited,BSE:ELANTAS-EQ
ELCIDIN,EL CID Investments Limited,BSE:ELCIDIN-EQ
ELDEHSG,Eldeco Housing And Industries Limited,BSE:ELDEHSG-EQ
ELECON,Elecon Engineering Company Limited,BSE:ELECON-EQ
ELECTCAST,Electrosteel Castings Limited,BSE:ELECTCAST-EQ
ELECTHERM,Electrotherm (India) Limited,BSE:ELECTHERM-EQ
ELGIEQUIP,Elgi Equipments Limited,BSE:ELGIEQUIP-EQ
ELGIRUBCO,Elgi Rubber Company Limited,BSE:ELGIRUBCO-EQ
ELIN,Elin Electronics Limited,BSE:ELIN-EQ
ELITECON,Elitecon International Limited,BSE:ELITECON-EQ
ELLEN,Ellenbarrie Industrial Gases Limited,BSE:ELLEN-EQ
ELPROINTL,Elpro International Limited,BSE:ELPROINTL-EQ
EMAMILTD,Emami Limited,BSE:EMAMILTD-EQ
EMAMIREAL,Emami Realty Limited,BSE:EMAMIREAL-EQ
EMBDL,Embassy Developments Limited,BSE:EMBDL-EQ
EMCURE,Emcure Pharmaceuticals Limited,BSE:EMCURE-EQ
EMIL,Electronics Mart India Limited,BSE:EMIL-EQ
EMKAY,Emkay Global Financial Services Limited,BSE:EMKAY-EQ
EMMVEE,Emmvee Photovoltaic Power Limited,BSE:EMMVEE-EQ
EMPIND,Empire Industries Limited,BSE:EMPIND-EQ
EMPOWER,Empower India Limited,BSE:EMPOWER-EQ
EMSLIMITED,EMS Limited,BSE:EMSLIMITED-EQ
EMUDHRA,eMudhra Limited,BSE:EMUDHRA-EQ
ENDURANCE,Endurance Technologies Limited,BSE:ENDURANCE-EQ
ENERGYDEV,Energy Development Company Limited,BSE:ENERGYDEV-EQ
ENGINERSIN,Engineers India Limited,BSE:ENGINERSIN-EQ
ENIL,Entertainment Network (India) Limited,BSE:ENIL-EQ
ENKEIWHEL,Enkei Wheels (India) Limited,BSE:ENKEIWHEL-EQ
ENRIN,Siemens Energy India Limited,BSE:ENRIN-EQ
ENTERO,Entero Healthcare Solutions Limited,BSE:ENTERO-EQ
EPACK,EPACK Durable Limited,BSE:EPACK-EQ
EPACKPEB,EPack Prefab Technologies Limited,BSE:EPACKPEB-EQ
EPIGRAL,Epigral Limited,BSE:EPIGRAL-EQ
EPL,EPL Limited,BSE:EPL-EQ
EQUITASBNK,Equitas Small Finance Bank Limited,BSE:EQUITASBNK-EQ
ERIS,Eris Lifesciences Limited,BSE:ERIS-EQ
ESABINDIA,Esab India Limited,BSE:ESABINDIA-EQ
ESCORTS,Escorts Kubota Limited,BSE:ESCORTS-EQ
ESDS,ESDS Software Solution Limited,BSE:ESDS-EQ
ESSARSHPNG,Essar Shipping Limited,BSE:ESSARSHPNG-EQ
ESSENTIA,Integra Essentia Limited,BSE:ESSENTIA-EQ
ESTER,Ester Industries Limited,BSE:ESTER-EQ
ETERNAL,ETERNAL LIMITED,BSE:ETERNAL-EQ
ETHOSLTD,Ethos Limited,BSE:ETHOSLTD-EQ
EUREKAFORB,Eureka Forbes Limited,BSE:EUREKAFORB-EQ
EUROBOND,Euro Panel Products Limited,BSE:EUROBOND-EQ
EUROPRATIK,Euro Pratik Sales Limited,BSE:EUROPRATIK-EQ
EVEREADY,Eveready Industries India Limited,BSE:EVEREADY-EQ
EXCELINDUS,Excel Industries Limited,BSE:EXCELINDUS-EQ
EXCELSOFT,Excelsoft Technologies Limited,BSE:EXCELSOFT-EQ
EXICOM,Exicom Tele-Systems Limited,BSE:EXICOM-EQ
EXIDEIND,Exide Industries Limited,BSE:EXIDEIND-EQ
EXPLEOSOL,Expleo Solutions Limited,BSE:EXPLEOSOL-EQ
EXXARO,Exxaro Tiles Limited,BSE:EXXARO-EQ
FABTECH,Fabtech Technologies Limited,BSE:FABTECH-EQ
FACT,Fertilizers and Chemicals Travancore Limited,BSE:FACT-EQ
FAZE3Q,Faze Three Limited,BSE:FAZE3Q-EQ
FCL,Fineotex Chemical Limited,BSE:FCL-EQ
FCSSOFT,FCS Software Solutions Limited,BSE:FCSSOFT-EQ
FDC,FDC Limited,BSE:FDC-EQ
FEDDERSHOL,Fedders Holding Limited,BSE:FEDDERSHOL-EQ
FEDERALBNK,The Federal Bank  Limited,BSE:FEDERALBNK-EQ
FEDFINA,Fedbank Financial Services Limited,BSE:FEDFINA-EQ
FERMENTA,Fermenta Biotech Limited,BSE:FERMENTA-EQ
FIBERWEB,Fiberweb (India) Limited,BSE:FIBERWEB-EQ
FIEMIND,Fiem Industries Limited,BSE:FIEMIND-EQ
FILATEX,Filatex India Limited,BSE:FILATEX-EQ
FILATFASH,Filatex Fashions Limited,BSE:FILATFASH-EQ
FINCABLES,Finolex Cables Limited,BSE:FINCABLES-EQ
FINEORG,Fine Organic Industries Limited,BSE:FINEORG-EQ
FINKURVE,Finkurve Financial Services Limited,BSE:FINKURVE-EQ
FINOPB,Fino Payments Bank Limited,BSE:FINOPB-EQ
FINPIPE,Finolex Industries Limited,BSE:FINPIPE-EQ
FIRSTCRY,Brainbees Solutions Limited,BSE:FIRSTCRY-EQ
FISCHER,Fischer Medical Ventures Limited,BSE:FISCHER-EQ
FIVESTAR,Five-Star Business Finance Limited,BSE:FIVESTAR-EQ
FLAIR,Flair Writing Industries Limited,BSE:FLAIR-EQ
FLUOROCHEM,Gujarat Fluorochemicals Limited,BSE:FLUOROCHEM-EQ
FMGOETZE,Federal-Mogul Goetze (India) Limited.,BSE:FMGOETZE-EQ
FMNL,Future Market Networks Limited,BSE:FMNL-EQ
FOODSIN,Foods & Inns Limited,BSE:FOODSIN-EQ
FORCEMOT,FORCE MOTORS LTD,BSE:FORCEMOT-EQ
FORTIS,Fortis Healthcare Limited,BSE:FORTIS-EQ
FOSECOIND,Foseco India Limited,BSE:FOSECOIND-EQ
FRACTAL,Fractal Analytics Limited,BSE:FRACTAL-EQ
FREDUN,Fredun Pharmaceuticals Limited,BSE:FREDUN-EQ
FRONTSP,Frontier Springs Limited,BSE:FRONTSP-EQ
FSL,Firstsource Solutions Limited,BSE:FSL-EQ
FUSION,Fusion Finance Limited,BSE:FUSION-EQ
GABRIEL,Gabriel India Limited,BSE:GABRIEL-EQ
GAEL,Gujarat Ambuja Exports Limited,BSE:GAEL-EQ
GAIL,GAIL (India) Limited,BSE:GAIL-EQ
GAJA,Gaja Alternative Asset Management Limited,BSE:GAJA-EQ
GALAPREC,Gala Precision Engineering Limited,BSE:GALAPREC-EQ
GALAXYSURF,Galaxy Surfactants Limited,BSE:GALAXYSURF-EQ
GALLANTT,Gallantt Ispat Limited,BSE:GALLANTT-EQ
GANDHAR,Gandhar Oil Refinery (India) Limited,BSE:GANDHAR-EQ
GANDHITUBE,Gandhi Special Tubes Limited,BSE:GANDHITUBE-EQ
GANECOS,Ganesha Ecosphere Limited,BSE:GANECOS-EQ
GANESHCP,Ganesh Consumer Products Limited,BSE:GANESHCP-EQ
GANESHHOU,GANESH HOUSING LIMITED,BSE:GANESHHOU-EQ
GANGAFORGE,Ganga Forging Limited,BSE:GANGAFORGE-EQ
GANGESSECU,Ganges Securities Limited,BSE:GANGESSECU-EQ
GARFIBRES,Garware Technical Fibres Limited,BSE:GARFIBRES-EQ
GARUDA,Garuda Construction and Engineering Limited,BSE:GARUDA-EQ
GATEWAY,Gateway Distriparks Limited,BSE:GATEWAY-EQ
GAYAHWS,Gayatri Highways Limited,BSE:GAYAHWS-EQ
GAYAPROJ,Gayatri Projects Limited,BSE:GAYAPROJ-EQ
GCSL,Gretex Corporate Services Limited,BSE:GCSL-EQ
GEEKAYWIRE,Geekay Wires Limited,BSE:GEEKAYWIRE-EQ
GEMAROMA,Gem Aromatics Limited,BSE:GEMAROMA-EQ
GENCON,Generic Engineering Construction and Projects Limited,BSE:GENCON-EQ
GENESYS,Genesys International Corporation Limited,BSE:GENESYS-EQ
GENUSPAPER,Genus Paper & Boards Limited,BSE:GENUSPAPER-EQ
GENUSPOWER,Genus Power Infrastructures Limited,BSE:GENUSPOWER-EQ
GEOJITFSL,Geojit Financial Services Limited,BSE:GEOJITFSL-EQ
GESHIP,The Great Eastern Shipping Company Limited,BSE:GESHIP-EQ
GFLLIMITED,GFL Limited,BSE:GFLLIMITED-EQ
GFSTEELS,Grand Foundry Limited,BSE:GFSTEELS-EQ
GHCL,GHCL Limited,BSE:GHCL-EQ
GHCLTEXTIL,GHCL Textiles Limited,BSE:GHCLTEXTIL-EQ
GICHSGFIN,GIC Housing Finance Limited,BSE:GICHSGFIN-EQ
GICL,Globe International Carriers Limited,BSE:GICL-EQ
GICRE,General Insurance Corporation of India,BSE:GICRE-EQ
GILLANDERS,Gillanders Arbuthnot & Company Limited,BSE:GILLANDERS-EQ
GILLETTE,Gillette India Limited,BSE:GILLETTE-EQ
GIPCL,Gujarat Industries Power Company Limited,BSE:GIPCL-EQ
GKB,GKB Ophthalmics Limited,BSE:GKB-EQ
GKENERGY,GK Energy Limited,BSE:GKENERGY-EQ
GKSL,Gujarat Kidney And Super Speciality Limited,BSE:GKSL-EQ
GKWLIMITED,GKW Limited,BSE:GKWLIMITED-EQ
GLAND,Gland Pharma Limited,BSE:GLAND-EQ
GLAXO,GlaxoSmithKline Pharmaceuticals Limited,BSE:GLAXO-EQ
GLENMARK,Glenmark Pharmaceuticals Limited,BSE:GLENMARK-EQ
GLFL,Gujarat Lease Financing Limited,BSE:GLFL-EQ
GLOBAL,Global Education Limited,BSE:GLOBAL-EQ
GLOBALE,Globale Tessile Limited,BSE:GLOBALE-EQ
GLOBALVECT,Global Vectra Helicorp Limited,BSE:GLOBALVECT-EQ
GLOBE,GLOBE ENTERPRISES (INDIA) LIMITED,BSE:GLOBE-EQ
GLOBECIVIL,Globe Civil Projects Limited,BSE:GLOBECIVIL-EQ
GLOBUSSPR,Globus Spirits Limited,BSE:GLOBUSSPR-EQ
GLOSTERLTD,Gloster Limited,BSE:GLOSTERLTD-EQ
GLOTTIS,Glottis Limited,BSE:GLOTTIS-EQ
GMBREW,GM Breweries Limited,BSE:GMBREW-EQ
GMDCLTD,Gujarat Mineral Development Corporation Limited,BSE:GMDCLTD-EQ
GMMPFAUDLR,GMM Pfaudler Limited,BSE:GMMPFAUDLR-EQ
GMRAIRPORT,GMR AIRPORTS LIMITED,BSE:GMRAIRPORT-EQ
GMRP&UI,GMR Power and Urban Infra Limited,BSE:GMRP&UI-EQ
GNA,GNA Axles Limited,BSE:GNA-EQ
GNFC,Gujarat Narmada Valley Fertilizers and Chemicals Limited,BSE:GNFC-EQ
GNRL,Gujarat Natural Resources Limited,BSE:GNRL-EQ
GOACARBON,Goa Carbon Limited,BSE:GOACARBON-EQ
GOCLCORP,GOCL Corporation Limited,BSE:GOCLCORP-EQ
GOCOLORS,Go Fashion (India) Limited,BSE:GOCOLORS-EQ
GODAVARIB,Godavari Biorefineries Limited,BSE:GODAVARIB-EQ
GODFRYPHLP,Godfrey Phillips India Limited,BSE:GODFRYPHLP-EQ
GODIGIT,Go Digit General Insurance Limited,BSE:GODIGIT-EQ
GODREJAGRO,Godrej Agrovet Limited,BSE:GODREJAGRO-EQ
GODREJCP,Godrej Consumer Products Limited,BSE:GODREJCP-EQ
GODREJIND,Godrej Industries Limited,BSE:GODREJIND-EQ
GODREJPROP,Godrej Properties Limited,BSE:GODREJPROP-EQ
GOKEX,Gokaldas Exports Limited,BSE:GOKEX-EQ
GOKUL,Gokul Refoils and Solvent Limited,BSE:GOKUL-EQ
GOKULAGRO,Gokul Agro Resources Limited,BSE:GOKULAGRO-EQ
GOLDIAM,Goldiam International Limited,BSE:GOLDIAM-EQ
GOODLUCK,Goodluck India Limited,BSE:GOODLUCK-EQ
GOODYEAR,Goodyear India Limited,BSE:GOODYEAR-EQ
GOPAL,Gopal Snacks Limited,BSE:GOPAL-EQ
GOYALALUM,Goyal Aluminiums Limited,BSE:GOYALALUM-EQ
GPIL,Godawari Power And Ispat limited,BSE:GPIL-EQ
GPPL,Gujarat Pipavav Port Limited,BSE:GPPL-EQ
GPTHEALTH,GPT Healthcare Limited,BSE:GPTHEALTH-EQ
GPTINFRA,GPT Infraprojects Limited,BSE:GPTINFRA-EQ
GRADIENTE,Gradiente Infotainment Limited,BSE:GRADIENTE-EQ
GRANDOAK,Grand Oak Canyons Distillery Limited,BSE:GRANDOAK-EQ
GRANULES,Granules India Limited,BSE:GRANULES-EQ
GRAPHITE,Graphite India Limited,BSE:GRAPHITE-EQ
GRASIM,Grasim Industries Limited,BSE:GRASIM-EQ
GRAUWEIL,Grauer & Weil India Limited,BSE:GRAUWEIL-EQ
GRAVISSHO,Graviss Hospitality Limited,BSE:GRAVISSHO-EQ
GRAVITA,Gravita India Limited,BSE:GRAVITA-EQ
GREAVESCOT,Greaves Cotton Limited,BSE:GREAVESCOT-EQ
GREENLAM,Greenlam Industries Limited,BSE:GREENLAM-EQ
GREENPANEL,Greenpanel Industries Limited,BSE:GREENPANEL-EQ
GREENPLY,Greenply Industries Limited,BSE:GREENPLY-EQ
GREENPOWER,Orient Green Power Company Limited,BSE:GREENPOWER-EQ
GRINDWELL,Grindwell Norton Limited,BSE:GRINDWELL-EQ
GRINFRA,G R Infraprojects Limited,BSE:GRINFRA-EQ
GRMOVER,GRM Overseas Limited,BSE:GRMOVER-EQ
GROBTEA,The Grob Tea Company Limited,BSE:GROBTEA-EQ
GROWW,Billionbrains Garage Ventures Limited,BSE:GROWW-EQ
GRPLTD,GRP Limited,BSE:GRPLTD-EQ
GRSE,Garden Reach Shipbuilders & Engineers Limited,BSE:GRSE-EQ
GRWRHITECH,Garware Hi-Tech Films Limited,BSE:GRWRHITECH-EQ
GSFC,Gujarat State Fertilizers & Chemicals Limited,BSE:GSFC-EQ
GSLSU,Global Surfaces Limited,BSE:GSLSU-EQ
GSPCROP,GSP Crop Science Limited,BSE:GSPCROP-EQ
GSS,GSS Infotech Limited,BSE:GSS-EQ
GTL,GTL Limited,BSE:GTL-EQ
GTLINFRA,GTL Infrastructure Limited,BSE:GTLINFRA-EQ
GTPL,GTPL Hathway Limited,BSE:GTPL-EQ
GUFICBIO,Gufic Biosciences Limited,BSE:GUFICBIO-EQ
GUJALKALI,Gujarat Alkalies and Chemicals Limited,BSE:GUJALKALI-EQ
GUJAPOLLO,Gujarat Apollo Industries Limited,BSE:GUJAPOLLO-EQ
GUJENERGY,GUJARAT ENERGY LIMITED,BSE:GUJENERGY-EQ
GUJRAFFIA,Gujarat Raffia Industries Limited,BSE:GUJRAFFIA-EQ
GUJTHEM,Gujarat Themis Biosyn Limited,BSE:GUJTHEM-EQ
GULFOILLUB,Gulf Oil Lubricants India Limited,BSE:GULFOILLUB-EQ
GULPOLY,Gulshan Polyols Limited,BSE:GULPOLY-EQ
GVPIL,GE Power India Limited,BSE:GVPIL-EQ
GVT&D,GE Vernova T&D India Limited,BSE:GVT&D-EQ
GYFTR,Gyftr Limited,BSE:GYFTR-EQ
HAL,Hindustan Aeronautics Limited,BSE:HAL-EQ
HALDER,Halder Venture Limited,BSE:HALDER-EQ
HALEOSLABS,HALEOS LABS LIMITED,BSE:HALEOSLABS-EQ
HAMPTON,Hampton Sky Realty Limited,BSE:HAMPTON-EQ
HAPPSTMNDS,Happiest Minds Technologies Limited,BSE:HAPPSTMNDS-EQ
HAPPYFORGE,Happy Forgings Limited,BSE:HAPPYFORGE-EQ
HARDWYN,Hardwyn India Limited,BSE:HARDWYN-EQ
HARIOMPIPE,Hariom Pipe Industries Limited,BSE:HARIOMPIPE-EQ
HARRMALAYA,Harrisons  Malayalam Limited,BSE:HARRMALAYA-EQ
HARSHA,Harsha Engineers International Limited,BSE:HARSHA-EQ
HATHWAY,Hathway Cable & Datacom Limited,BSE:HATHWAY-EQ
HATSUN,Hatsun Agro Product Limited,BSE:HATSUN-EQ
HAVELLS,Havells India Limited,BSE:HAVELLS-EQ
HAVISHA,Sri Havisha Hospitality and Infrastructure Limited,BSE:HAVISHA-EQ
HAWKINCOOK,Hawkins Cookers Limited,BSE:HAWKINCOOK-EQ
HAZOOR,Hazoor Multi Projects Limited,BSE:HAZOOR-EQ
HBESD,HB Estate Developers Limited,BSE:HBESD-EQ
HBLENGINE,HBL Engineering Limited,BSE:HBLENGINE-EQ
HBPOR,HB Portfolio Limited,BSE:HBPOR-EQ
HBSL,HB Stockholdings Limited,BSE:HBSL-EQ
HCC,Hindustan Construction Company Limited,BSE:HCC-EQ
HCG,Healthcare Global Enterprises Limited,BSE:HCG-EQ
HCL-INSYS,HCL Infosystems Limited,BSE:HCL-INSYS-EQ
HCLTECH,HCL Technologies Limited,BSE:HCLTECH-EQ
HDBFS,HDB Financial Services Limited,BSE:HDBFS-EQ
HDFCAMC,HDFC Asset Management Company Limited,BSE:HDFCAMC-EQ
HDFCBANK,HDFC Bank Limited,BSE:HDFCBANK-EQ
HDFCLIFE,HDFC Life Insurance Company Limited,BSE:HDFCLIFE-EQ
HEADSUP,Heads UP Ventures Limited,BSE:HEADSUP-EQ
HEALTHX,Health X Platform Limited,BSE:HEALTHX-EQ
HECPROJECT,HEC Infra Projects Limited,BSE:HECPROJECT-EQ
HEIDELBERG,HeidelbergCement India Limited,BSE:HEIDELBERG-EQ
HEMIPROP,Hemisphere Properties India Limited,BSE:HEMIPROP-EQ
HERANBA,Heranba Industries Limited,BSE:HERANBA-EQ
HERITGFOOD,Heritage Foods Limited,BSE:HERITGFOOD-EQ
HEROMOTOCO,Hero MotoCorp Limited,BSE:HEROMOTOCO-EQ
HESTERBIO,Hester Biosciences Limited,BSE:HESTERBIO-EQ
HEXATRADEX,Hexa Tradex Limited,BSE:HEXATRADEX-EQ
HEXT,Hexaware Technologies Limited,BSE:HEXT-EQ
HGINFRA,H.G. Infra Engineering Limited,BSE:HGINFRA-EQ
HGM,HandsOn Global Management (HGM) Limited,BSE:HGM-EQ
HGS,Hinduja Global Solutions Limited,BSE:HGS-EQ
HIKAL,Hikal Limited,BSE:HIKAL-EQ
HILINFRA,Highway Infrastructure Limited,BSE:HILINFRA-EQ
HILTON,Hilton Metal Forging Limited,BSE:HILTON-EQ
HIMATSEIDE,Himatsingka Seide Limited,BSE:HIMATSEIDE-EQ
HINDADH,Hindustan Adhesives Limited,BSE:HINDADH-EQ
HINDALCO,Hindalco Industries Limited,BSE:HINDALCO-EQ
HINDALUMI,Hind Aluminium Industries Limited,BSE:HINDALUMI-EQ
HINDCOMPOS,Hindustan Composites Limited,BSE:HINDCOMPOS-EQ
HINDCON,Hindcon Chemicals Limited,BSE:HINDCON-EQ
HINDCOPPER,Hindustan Copper Limited,BSE:HINDCOPPER-EQ
HINDOILEXP,Hindustan Oil Exploration Company Limited,BSE:HINDOILEXP-EQ
HINDPETRO,Hindustan Petroleum Corporation Limited,BSE:HINDPETRO-EQ
HINDUNILVR,Hindustan Unilever Limited,BSE:HINDUNILVR-EQ
HINDWAREAP,Hindware Home Innovation Limited,BSE:HINDWAREAP-EQ
HINDZINC,Hindustan Zinc Limited,BSE:HINDZINC-EQ
HIRECT,Hirect Limited,BSE:HIRECT-EQ
HISARMETAL,Hisar Metal Industries Limited,BSE:HISARMETAL-EQ
HITECH,Hi-Tech Pipes Limited,BSE:HITECH-EQ
HLEGLAS,HLE Glascoat Limited,BSE:HLEGLAS-EQ
HLVLTD,HLV LIMITED,BSE:HLVLTD-EQ
HMAAGRO,HMA Agro Industries Limited,BSE:HMAAGRO-EQ
HNDFDS,Hindustan Foods Limited,BSE:HNDFDS-EQ
HOMEFIRST,Home First Finance Company India Limited,BSE:HOMEFIRST-EQ
HONASA,Honasa Consumer Limited,BSE:HONASA-EQ
HONAUT,Honeywell Automation India Limited,BSE:HONAUT-EQ
HONDAPOWER,Honda India Power Products Limited,BSE:HONDAPOWER-EQ
HORIZONIND,Horizon Industrial Parks Limited,BSE:HORIZONIND-EQ
HPAL,HP Adhesives Limited,BSE:HPAL-EQ
HPIL,Hindprakash Industries Limited,BSE:HPIL-EQ
HPL,HPL Electric & Power Limited,BSE:HPL-EQ
HRYNSHP,Hariyana Ship Breakers Limited,BSE:HRYNSHP-EQ
HSCL,Himadri Speciality Chemical Limited,BSE:HSCL-EQ
HTMEDIA,HT Media Limited,BSE:HTMEDIA-EQ
HUBTOWN,Hubtown Limited,BSE:HUBTOWN-EQ
HUDCO,Housing & Urban Development Corporation Limited,BSE:HUDCO-EQ
HUHTAMAKI,Huhtamaki India Limited,BSE:HUHTAMAKI-EQ
HYUNDAI,Hyundai Motor India Limited,BSE:HYUNDAI-EQ
IBULLSLTD,Indiabulls Limited,BSE:IBULLSLTD-EQ
ICDSLTD,ICDS Limited,BSE:ICDSLTD-EQ
ICEMAKE,Ice Make Refrigeration Limited,BSE:ICEMAKE-EQ
ICICIAMC,ICICI Prudential Asset Management Company Limited,BSE:ICICIAMC-EQ
ICICIBANK,ICICI Bank Limited,BSE:ICICIBANK-EQ
ICICIGI,ICICI Lombard General Insurance Company Limited,BSE:ICICIGI-EQ
ICICIPRULI,ICICI Prudential Life Insurance Company Limited,BSE:ICICIPRULI-EQ
ICIL,Indo Count Industries Limited,BSE:ICIL-EQ
ICRA,ICRA Limited,BSE:ICRA-EQ
IDBI,IDBI Bank Limited,BSE:IDBI-EQ
IDEA,Vodafone Idea Limited,BSE:IDEA-EQ
IDEAFORGE,Ideaforge Technology Limited,BSE:IDEAFORGE-EQ
IDFCFIRSTB,IDFC First Bank Limited,BSE:IDFCFIRSTB-EQ
IEX,Indian Energy Exchange Limited,BSE:IEX-EQ
IFBAGRO,IFB Agro Industries Limited,BSE:IFBAGRO-EQ
IFBIND,IFB Industries Limited,BSE:IFBIND-EQ
IFCI,IFCI Limited,BSE:IFCI-EQ
IFGLEXPOR,IFGL Refractories Limited,BSE:IFGLEXPOR-EQ
IGARASHI,Igarashi Motors India Limited,BSE:IGARASHI-EQ
IGCL,Indogulf Cropsciences Limited,BSE:IGCL-EQ
IGIL,International Gemological Institute Limited,BSE:IGIL-EQ
IGL,Indraprastha Gas Limited,BSE:IGL-EQ
IGPL,IG Petrochemicals Limited,BSE:IGPL-EQ
IIFL,IIFL Finance Limited,BSE:IIFL-EQ
IIFLCAPS,IIFL Capital Services Limited,BSE:IIFLCAPS-EQ
IITL,Industrial Investment Trust Limited,BSE:IITL-EQ
IKIO,IKIO Technologies Limited,BSE:IKIO-EQ
IKS,Inventurus Knowledge Solutions Limited,BSE:IKS-EQ
IMAGICAA,Imagicaaworld Entertainment Limited,BSE:IMAGICAA-EQ
IMFA,Indian Metals & Ferro Alloys Limited,BSE:IMFA-EQ
IMPAL,India Motor Parts and Accessories Limited,BSE:IMPAL-EQ
INA,Insolation Energy Limited,BSE:INA-EQ
INCREDIBLE,INCREDIBLE INDUSTRIES LIMITED,BSE:INCREDIBLE-EQ
INDBANK,Indbank Merchant Banking Services Limited,BSE:INDBANK-EQ
INDGN,Indegene Limited,BSE:INDGN-EQ
INDHOTEL,The Indian Hotels Company Limited,BSE:INDHOTEL-EQ
INDIACEM,The India Cements Limited,BSE:INDIACEM-EQ
INDIAMART,Indiamart Intermesh Limited,BSE:INDIAMART-EQ
INDIANB,Indian Bank,BSE:INDIANB-EQ
INDIANCARD,Indian Card Clothing Company Limited,BSE:INDIANCARD-EQ
INDIANHUME,Indian Hume Pipe Company Limited,BSE:INDIANHUME-EQ
INDIASHLTR,India Shelter Finance Corporation Limited,BSE:INDIASHLTR-EQ
INDIGO,InterGlobe Aviation Limited,BSE:INDIGO-EQ
INDIGOPNTS,Indigo Paints Limited,BSE:INDIGOPNTS-EQ
INDIQUBE,Indiqube Spaces Limited,BSE:INDIQUBE-EQ
INDNIPPON,India Nippon Electricals Limited,BSE:INDNIPPON-EQ
INDOBORAX,Indo Borax & Chemicals Limited,BSE:INDOBORAX-EQ
INDOCO,Indoco Remedies Limited,BSE:INDOCO-EQ
INDOFARM,Indo Farm Equipment Limited,BSE:INDOFARM-EQ
INDOKEM,Indokem Limited,BSE:INDOKEM-EQ
INDOMIM,INDO-MIM Limited,BSE:INDOMIM-EQ
INDORAMA,Indo Rama Synthetics (India) Limited,BSE:INDORAMA-EQ
INDOSTAR,IndoStar Capital Finance Limited,BSE:INDOSTAR-EQ
INDOTECH,Indo Tech Transformers Limited,BSE:INDOTECH-EQ
INDOTHAI,Indo Thai Securities Limited,BSE:INDOTHAI-EQ
INDOUS,Indo Us Biotech Limited,BSE:INDOUS-EQ
INDOWIND,Indowind Energy Limited,BSE:INDOWIND-EQ
INDPRUD,Industrial & Prudential Investment Company Limited,BSE:INDPRUD-EQ
INDRAMEDCO,Indraprastha Medical Corporation Limited,BSE:INDRAMEDCO-EQ
INDSWFTLAB,Ind-Swift Laboratories Limited,BSE:INDSWFTLAB-EQ
INDTERRAIN,Indian Terrain Fashions Limited,BSE:INDTERRAIN-EQ
INDUSINDBK,IndusInd Bank Limited,BSE:INDUSINDBK-EQ
INDUSTOWER,Indus Towers Limited,BSE:INDUSTOWER-EQ
INFOBEAN,InfoBeans Technologies Limited,BSE:INFOBEAN-EQ
INFOMEDIA,Infomedia Press Limited,BSE:INFOMEDIA-EQ
INFY,Infosys Limited,BSE:INFY-EQ
INGERRAND,Ingersoll Rand (India) Limited,BSE:INGERRAND-EQ
INNOVACAP,Innova Captab Limited,BSE:INNOVACAP-EQ
INNOVANA,Innovana Thinklabs Limited,BSE:INNOVANA-EQ
INNOVISION,Innovision Limited,BSE:INNOVISION-EQ
INOXGREEN,Inox Green Energy Services Limited,BSE:INOXGREEN-EQ
INOXINDIA,INOX India Limited,BSE:INOXINDIA-EQ
INOXWIND,Inox Wind Limited,BSE:INOXWIND-EQ
INSECTICID,Insecticides (India) Limited,BSE:INSECTICID-EQ
INSPIRISYS,Inspirisys Solutions Limited,BSE:INSPIRISYS-EQ
INTELLECT,Intellect Design Arena Limited,BSE:INTELLECT-EQ
INTENTECH,Intense Technologies Limited,BSE:INTENTECH-EQ
INTERARCH,Interarch Building Solutions Limited,BSE:INTERARCH-EQ
INTLCONV,International Conveyors Limited,BSE:INTLCONV-EQ
INVENTURE,Inventure Growth & Securities Limited,BSE:INVENTURE-EQ
IOB,Indian Overseas Bank,BSE:IOB-EQ
IOC,Indian Oil Corporation Limited,BSE:IOC-EQ
IOLCP,IOL Chemicals and Pharmaceuticals Limited,BSE:IOLCP-EQ
IONEXCHANG,ION Exchange (India) Limited,BSE:IONEXCHANG-EQ
IPCALAB,IPCA Laboratories Limited,BSE:IPCALAB-EQ
IPL,India Pesticides Limited,BSE:IPL-EQ
IPRINGLTD,IP Rings Limited,BSE:IPRINGLTD-EQ
IRB,IRB Infrastructure Developers Limited,BSE:IRB-EQ
IRCON,Ircon International Limited,BSE:IRCON-EQ
IRCTC,Indian Railway Catering And Tourism Corporation Limited,BSE:IRCTC-EQ
IREDA,Indian Renewable Energy Development Agency Limited,BSE:IREDA-EQ
IRFC,Indian Railway Finance Corporation Limited,BSE:IRFC-EQ
IRIS,IRIS RegTech Solutions Limited,BSE:IRIS-EQ
IRISDOREME,Iris Clothings Limited,BSE:IRISDOREME-EQ
IRMENERGY,IRM Energy Limited,BSE:IRMENERGY-EQ
ISFT,Intrasoft Technologies Limited,BSE:ISFT-EQ
ISGEC,Isgec Heavy Engineering Limited,BSE:ISGEC-EQ
ISHANCH,Ishan Dyes and Chemicals Limited,BSE:ISHANCH-EQ
ISTLTD,I S T Limited,BSE:ISTLTD-EQ
ITC,ITC Limited,BSE:ITC-EQ
ITCHOTELS,ITC Hotels Limited,BSE:ITCHOTELS-EQ
ITDC,India Tourism Development Corporation Limited,BSE:ITDC-EQ
ITI,ITI Limited,BSE:ITI-EQ
ITL,ITL Industries Limited,BSE:ITL-EQ
IVALUE,Ivalue Infosolutions Limited,BSE:IVALUE-EQ
IVC,IL&FS Investment Managers Limited,BSE:IVC-EQ
IWP,The Indian Wood Products Company Limited,BSE:IWP-EQ
IXIGO,Le Travenues Technology Limited,BSE:IXIGO-EQ
IZMO,IZMO Limited,BSE:IZMO-EQ
J&KBANK,The Jammu & Kashmir Bank Limited,BSE:J&KBANK-EQ
JAGRAN,Jagran Prakashan Limited,BSE:JAGRAN-EQ
JAGSNPHARM,Jagsonpal Pharmaceuticals Limited,BSE:JAGSNPHARM-EQ
JAIBALAJI,Jai Balaji Industries Limited,BSE:JAIBALAJI-EQ
JAICORPLTD,Jai Corp Limited,BSE:JAICORPLTD-EQ
JAINREC,Jain Resource Recycling Limited,BSE:JAINREC-EQ
JAIPURKURT,Nandani Creation Limited,BSE:JAIPURKURT-EQ
JAMNAAUTO,Jamna Auto Industries Limited,BSE:JAMNAAUTO-EQ
JARO,Jaro Institute of Technology Management and Research Limited,BSE:JARO-EQ
JASH,Jash Engineering Limited,BSE:JASH-EQ
JAYAGROGN,Jayant Agro Organics Limited,BSE:JAYAGROGN-EQ
JAYBARMARU,Jay Bharat Maruti Limited,BSE:JAYBARMARU-EQ
JAYKAY,Jaykay Enterprises Limited,BSE:JAYKAY-EQ
JAYNECOIND,Jayaswal Neco Industries Limited,BSE:JAYNECOIND-EQ
JAYSREETEA,Jayshree Tea & Industries Limited,BSE:JAYSREETEA-EQ
JBMA,JBM Auto Limited,BSE:JBMA-EQ
JENBURPH,Jenburkt Pharmaceuticals Limited,BSE:JENBURPH-EQ
JETFREIGHT,Jet Freight Logistics Limited,BSE:JETFREIGHT-EQ
JGCHEM,J.G.Chemicals Limited,BSE:JGCHEM-EQ
JHS,JHS Svendgaard Laboratories Limited,BSE:JHS-EQ
JINDALPHOT,Jindal Photo Limited,BSE:JINDALPHOT-EQ
JINDALPOLY,Jindal Poly Films Limited,BSE:JINDALPOLY-EQ
JINDALSAW,Jindal Saw Limited,BSE:JINDALSAW-EQ
JINDALSTEL,JINDAL STEEL LIMITED,BSE:JINDALSTEL-EQ
JINDRILL,Jindal Drilling And Industries Limited,BSE:JINDRILL-EQ
JINDWORLD,Jindal Worldwide Limited,BSE:JINDWORLD-EQ
JIOFIN,Jio Financial Services Limited,BSE:JIOFIN-EQ
JISLDVREQS,Jain Irrigation Systems Limited,BSE:JISLDVREQS-EQ
JISLJALEQS,Jain Irrigation Systems Limited,BSE:JISLJALEQS-EQ
JITFINFRA,JITF Infralogistics Limited,BSE:JITFINFRA-EQ
JKCEMENT,JK Cement Limited,BSE:JKCEMENT-EQ
JKIL,J.Kumar Infraprojects Limited,BSE:JKIL-EQ
JKIPL,Jinkushal Industries Limited,BSE:JKIPL-EQ
JKLAKSHMI,JK Lakshmi Cement Limited,BSE:JKLAKSHMI-EQ
JKPAPER,JK Paper Limited,BSE:JKPAPER-EQ
JKTYRE,JK Tyre & Industries Limited,BSE:JKTYRE-EQ
JLHL,Jupiter Life Line Hospitals Limited,BSE:JLHL-EQ
JMA,Jullundur Motor Agency (Delhi) Limited,BSE:JMA-EQ
JMFINANCIL,JM Financial Limited,BSE:JMFINANCIL-EQ
JNKINDIA,JNK India Limited,BSE:JNKINDIA-EQ
JNPR,Juniper Green Energy Limited,BSE:JNPR-EQ
JOCIL,Jocil Limited,BSE:JOCIL-EQ
JPOLYINVST,Jindal Poly Investment and Finance Company Limited,BSE:JPOLYINVST-EQ
JPPOWER,Jaiprakash Power Ventures Limited,BSE:JPPOWER-EQ
JSFB,Jana Small Finance Bank Limited,BSE:JSFB-EQ
JSL,Jindal Stainless Limited,BSE:JSL-EQ
JSLL,Jeena Sikho Lifecare Limited,BSE:JSLL-EQ
JSWCEMENT,JSW Cement Limited,BSE:JSWCEMENT-EQ
JSWDULUX,JSW Dulux Limited,BSE:JSWDULUX-EQ
JSWENERGY,JSW Energy Limited,BSE:JSWENERGY-EQ
JSWHL,JSW Holdings Limited,BSE:JSWHL-EQ
JSWINFRA,JSW Infrastructure Limited,BSE:JSWINFRA-EQ
JSWSTEEL,JSW Steel Limited,BSE:JSWSTEEL-EQ
JTEKTINDIA,Jtekt India Limited,BSE:JTEKTINDIA-EQ
JTLIND,JTL INDUSTRIES LIMITED,BSE:JTLIND-EQ
JUBLCPL,Jubilant Agri and Consumer Products Limited,BSE:JUBLCPL-EQ
JUBLFOOD,Jubilant Foodworks Limited,BSE:JUBLFOOD-EQ
JUBLINGREA,Jubilant Ingrevia Limited,BSE:JUBLINGREA-EQ
JUBLPHARMA,Jubilant Pharmova Limited,BSE:JUBLPHARMA-EQ
JUNIPER,Juniper Hotels Limited,BSE:JUNIPER-EQ
JUSTDIAL,Just Dial Limited,BSE:JUSTDIAL-EQ
JWL,Jupiter Wagons Limited,BSE:JWL-EQ
JYOTHYLAB,Jyothy Labs Limited,BSE:JYOTHYLAB-EQ
JYOTICNC,Jyoti CNC Automation Limited,BSE:JYOTICNC-EQ
JYOTIRES,Jyoti Resins & Adhesives Limited,BSE:JYOTIRES-EQ
JYOTISTRUC,Jyoti Structures Limited,BSE:JYOTISTRUC-EQ
KABRAEXTRU,Kabra Extrusion Technik Limited,BSE:KABRAEXTRU-EQ
KAJARIACER,Kajaria Ceramics Limited,BSE:KAJARIACER-EQ
KAKATCEM,Kakatiya Cement Sugar & Industries Limited,BSE:KAKATCEM-EQ
KALAMANDIR,Sai Silks (Kalamandir) Limited,BSE:KALAMANDIR-EQ
KALPATARU,Kalpataru Limited,BSE:KALPATARU-EQ
KALYANKJIL,Kalyan Jewellers India Limited,BSE:KALYANKJIL-EQ
KAMAHOLD,Kama Holdings Limited,BSE:KAMAHOLD-EQ
KAMANWALA,Kamanwala Housing Construction Limited,BSE:KAMANWALA-EQ
KAMATHOTEL,Kamat Hotels (I) Limited,BSE:KAMATHOTEL-EQ
KAMOPAINTS,Kamdhenu Ventures Limited,BSE:KAMOPAINTS-EQ
KANANIIND,Kanani Industries Limited,BSE:KANANIIND-EQ
KANCHI,Kanchi Karpooram Limited,BSE:KANCHI-EQ
KANCOTEA,Kanco Tea & Industries Limited,BSE:KANCOTEA-EQ
KANPRPLA,Kanpur Plastipack Limited,BSE:KANPRPLA-EQ
KANSAINER,Kansai Nerolac Paints Limited,BSE:KANSAINER-EQ
KAPSTON,Kapston Services Limited,BSE:KAPSTON-EQ
KARMAENG,Karma Energy Limited,BSE:KARMAENG-EQ
KARURVYSYA,Karur Vysya Bank Limited,BSE:KARURVYSYA-EQ
KAVDEFENCE,Kavveri Defence & Wireless Technologies Limited,BSE:KAVDEFENCE-EQ
KAYNES,Kaynes Technology India Limited,BSE:KAYNES-EQ
KCP,KCP Limited,BSE:KCP-EQ
KDDL,KDDL Limited,BSE:KDDL-EQ
KDGREEN,KD Green Industries Limited,BSE:KDGREEN-EQ
KEC,KEC International Limited,BSE:KEC-EQ
KECL,Kirloskar Electric Company Limited,BSE:KECL-EQ
KEEPLEARN,DSJ Keep Learning Limited,BSE:KEEPLEARN-EQ
KEI,KEI Industries Limited,BSE:KEI-EQ
KELLTONTEC,Kellton Tech Solutions Limited,BSE:KELLTONTEC-EQ
KENNAMET,Kennametal India Limited,BSE:KENNAMET-EQ
KERNEX,Kernex Microsystems (India) Limited,BSE:KERNEX-EQ
KEYFINSERV,Keynote Financial Services Limited,BSE:KEYFINSERV-EQ
KFINTECH,Kfin Technologies Limited,BSE:KFINTECH-EQ
KHAICHEM,Khaitan Chemicals & Fertilizers Limited,BSE:KHAICHEM-EQ
KHAITANLTD,Khaitan (India) Limited,BSE:KHAITANLTD-EQ
KHANDSE,Khandwala Securities Limited,BSE:KHANDSE-EQ
KICL,Kalyani Investment Company Limited,BSE:KICL-EQ
KIMS,Krishna Institute of Medical Sciences Limited,BSE:KIMS-EQ
KINGFA,Kingfa Science & Technology (India) Limited,BSE:KINGFA-EQ
KIOCL,KIOCL Limited,BSE:KIOCL-EQ
KIRANVYPAR,Kiran Vyapar Limited,BSE:KIRANVYPAR-EQ
KIRIINDUS,Kiri Industries Limited,BSE:KIRIINDUS-EQ
KIRLFER,Kirloskar Ferrous Industries Limited,BSE:KIRLFER-EQ
KIRLOSBROS,Kirloskar Brothers Limited,BSE:KIRLOSBROS-EQ
KIRLOSENG,Kirloskar Oil Engines Limited,BSE:KIRLOSENG-EQ
KIRLOSIND,Kirloskar Industries Limited,BSE:KIRLOSIND-EQ
KIRLPNU,Kirloskar Pneumatic Company Limited,BSE:KIRLPNU-EQ
KISSHT,OnEMI Technology Solutions Limited,BSE:KISSHT-EQ
KITEX,Kitex Garments Limited,BSE:KITEX-EQ
KJMCFIN,KJMC Financial Services Limited,BSE:KJMCFIN-EQ
KKCL,Kewal Kiran Clothing Limited,BSE:KKCL-EQ
KLBRENG-B,Kilburn Engineering Limited,BSE:KLBRENG-B-EQ
KMCSHIL,K M C Speciality Hospitals (India) Limited,BSE:KMCSHIL-EQ
KMEW,Knowledge Marine & Engineering Works Limited,BSE:KMEW-EQ
KMSUGAR,K.M.Sugar Mills Limited,BSE:KMSUGAR-EQ
KNACK,Knack Packaging Limited,BSE:KNACK-EQ
KNAGRI,KN Agri Resources Limited,BSE:KNAGRI-EQ
KNRCON,KNR Constructions Limited,BSE:KNRCON-EQ
KOHINOOR,Kohinoor Foods Limited,BSE:KOHINOOR-EQ
KOKUYOCMLN,Kokuyo Camlin Limited,BSE:KOKUYOCMLN-EQ
KOLTEPATIL,Kolte - Patil Developers Limited,BSE:KOLTEPATIL-EQ
KOPRAN,Kopran Limited,BSE:KOPRAN-EQ
KOTAKBANK,Kotak Mahindra Bank Limited,BSE:KOTAKBANK-EQ
KOTHARIPET,Kothari Petrochemicals Limited,BSE:KOTHARIPET-EQ
KOTHARIPRO,Kothari Products Limited,BSE:KOTHARIPRO-EQ
KOTIC,Kothari Industrial Corporation Limited,BSE:KOTIC-EQ
KOVAI,Kovai Medical Center & Hospital Limited,BSE:KOVAI-EQ
KPEL,K.P. Energy Limited,BSE:KPEL-EQ
KPIGREEN,KPI Green Energy Limited,BSE:KPIGREEN-EQ
KPIL,Kalpataru Projects International Limited,BSE:KPIL-EQ
KPITTECH,KPIT Technologies Limited,BSE:KPITTECH-EQ
KPL,Kwality Pharmaceuticals Limited,BSE:KPL-EQ
KPRMILL,K.P.R. Mill Limited,BSE:KPRMILL-EQ
KRBL,KRBL Limited,BSE:KRBL-EQ
KREBSBIO,Krebs Biochemicals and Industries Limited,BSE:KREBSBIO-EQ
KRIDHANINF,Kridhan Infra Limited,BSE:KRIDHANINF-EQ
KRISHANA,Krishana Phoschem Limited,BSE:KRISHANA-EQ
KRISHIVAL,Krishival Foods Limited,BSE:KRISHIVAL-EQ
KRISHNADEF,Krishna Defence And Allied Industries Limited,BSE:KRISHNADEF-EQ
KRITI,Kriti Industries (India) Limited,BSE:KRITI-EQ
KRITIKA,Kritika Wires Limited,BSE:KRITIKA-EQ
KRITINUT,Kriti Nutrients Limited,BSE:KRITINUT-EQ
KRN,KRN Heat Exchanger and Refrigeration Limited,BSE:KRN-EQ
KROSS,Kross Limited,BSE:KROSS-EQ
KRSNAA,Krsnaa Diagnostics Limited,BSE:KRSNAA-EQ
KRYSTAL,Krystal Integrated Services Limited,BSE:KRYSTAL-EQ
KSB,Ksb Limited,BSE:KSB-EQ
KSCL,Kaveri Seed Company Limited,BSE:KSCL-EQ
KSE,KSE Limited,BSE:KSE-EQ
KSHINTL,KSH International Limited,BSE:KSHINTL-EQ
KSHITIJPOL,Kshitij Polyline Limited,BSE:KSHITIJPOL-EQ
KSL,Kalyani Steels Limited,BSE:KSL-EQ
KSOLVES,Ksolves India Limited,BSE:KSOLVES-EQ
KSR,KSR Footwear Limited,BSE:KSR-EQ
KTKBANK,The Karnataka Bank Limited,BSE:KTKBANK-EQ
KUANTUM,Kuantum Papers Limited,BSE:KUANTUM-EQ
KUSUMGAR,Kusumgar Limited,BSE:KUSUMGAR-EQ
KWIL,Kwality Wall's (India) Limited,BSE:KWIL-EQ
LADDERUP,Ladderup Finance Limited,BSE:LADDERUP-EQ
LAGNAM,Lagnam Spintex Limited,BSE:LAGNAM-EQ
LAHOTIOV,Lahoti Overseas Limited,BSE:LAHOTIOV-EQ
LAKSHMIMIL,Lakshmi Mills Company Limited,BSE:LAKSHMIMIL-EQ
LAL,Lorenzini Apparels Limited,BSE:LAL-EQ
LALITHAA,Lalithaa Jewellery Mart Limited,BSE:LALITHAA-EQ
LALPATHLAB,Dr. Lal Path Labs Ltd.,BSE:LALPATHLAB-EQ
LAMBODHARA,Lambodhara Textiles Limited,BSE:LAMBODHARA-EQ
LANCER,Lancer Container Lines Limited,BSE:LANCER-EQ
LANCORHOL,Lancor Holdings Limited,BSE:LANCORHOL-EQ
LANDMARK,Landmark Cars Limited,BSE:LANDMARK-EQ
LANDSMILL,Landsmill Green Limited,BSE:LANDSMILL-EQ
LAOPALA,La Opala RG Limited,BSE:LAOPALA-EQ
LASA,Lasa Supergenerics Limited,BSE:LASA-EQ
LASERPOWER,Laser Power & Infra Limited,BSE:LASERPOWER-EQ
LATENTVIEW,Latent View Analytics Limited,BSE:LATENTVIEW-EQ
LATTEYS,Latteys Industries Limited,BSE:LATTEYS-EQ
LAURUSLABS,Laurus Labs Limited,BSE:LAURUSLABS-EQ
LAXMICOT,Laxmi Cotspin Limited,BSE:LAXMICOT-EQ
LAXMIDENTL,Laxmi Dental Limited,BSE:LAXMIDENTL-EQ
LAXMIINDIA,Laxmi India Finance Limited,BSE:LAXMIINDIA-EQ
LCCINFOTEC,LCC Infotech Limited,BSE:LCCINFOTEC-EQ
LCL,Lohia Corp Limited,BSE:LCL-EQ
LEAPIND,LEAP India Limited,BSE:LEAPIND-EQ
LEMERITE,Le Merite Exports Limited,BSE:LEMERITE-EQ
LEMONTREE,Lemon Tree Hotels Limited,BSE:LEMONTREE-EQ
LENSKART,Lenskart Solutions Limited,BSE:LENSKART-EQ
LEXUS,Lexus Granito (India) Limited,BSE:LEXUS-EQ
LFIC,Lakshmi Finance & Industrial Corporation Limited,BSE:LFIC-EQ
LGBBROSLTD,LG Balakrishnan & Bros Limited,BSE:LGBBROSLTD-EQ
LGEINDIA,LG Electronics India Limited,BSE:LGEINDIA-EQ
LGHL,Laxmi Goldorna House Limited,BSE:LGHL-EQ
LIBAS,Libas Consumer Products Limited,BSE:LIBAS-EQ
LIBERTSHOE,Liberty Shoes Limited,BSE:LIBERTSHOE-EQ
LICHSGFIN,LIC Housing Finance Limited,BSE:LICHSGFIN-EQ
LICI,Life Insurance Corporation Of India,BSE:LICI-EQ
LIKHITHA,Likhitha Infrastructure Limited,BSE:LIKHITHA-EQ
LINC,Linc Limited,BSE:LINC-EQ
LINCOLN,Lincoln Pharmaceuticals Limited,BSE:LINCOLN-EQ
LINDEINDIA,Linde India Limited,BSE:LINDEINDIA-EQ
LKPSEC,LKP Securities Limited,BSE:LKPSEC-EQ
LLOYDSENGG,LLOYDS ENGINEERING WORKS LIMITED,BSE:LLOYDSENGG-EQ
LLOYDSENT,Lloyds Enterprises Limited,BSE:LLOYDSENT-EQ
LLOYDSME,Lloyds Metals And Energy Limited,BSE:LLOYDSME-EQ
LMW,LMW Limited,BSE:LMW-EQ
LODHA,Lodha Developers Limited,BSE:LODHA-EQ
LOKESHMACH,Lokesh Machines Limited,BSE:LOKESHMACH-EQ
LORDSCHLO,Lords Chloro Alkali Limited,BSE:LORDSCHLO-EQ
LOTUSCHO,Lotus Chocolate Company Limited,BSE:LOTUSCHO-EQ
LOTUSEYE,Lotus Eye Hospital and Institute Limited,BSE:LOTUSEYE-EQ
LOVABLE,Lovable Lingerie Limited,BSE:LOVABLE-EQ
LOYALTEX,Loyal Textile Mills Limited,BSE:LOYALTEX-EQ
LPDC,Landmark Property Development Company Limited,BSE:LPDC-EQ
LT,Larsen & Toubro Limited,BSE:LT-EQ
LTF,L&T Finance Limited,BSE:LTF-EQ
LTFOODS,LT Foods Limited,BSE:LTFOODS-EQ
LTM,LTM Limited,BSE:LTM-EQ
LTTS,L&T Technology Services Limited,BSE:LTTS-EQ
LUMAXIND,Lumax Industries Limited,BSE:LUMAXIND-EQ
LUMAXTECH,Lumax Auto Technologies Limited,BSE:LUMAXTECH-EQ
LUMINO,Lumino Industries Limited,BSE:LUMINO-EQ
LUPIN,Lupin Limited,BSE:LUPIN-EQ
LUXIND,Lux Industries Limited,BSE:LUXIND-EQ
LXCHEM,Laxmi Organic Industries Limited,BSE:LXCHEM-EQ
M&M,Mahindra & Mahindra Limited,BSE:M&M-EQ
M&MFIN,Mahindra & Mahindra Financial Services Limited,BSE:M&MFIN-EQ
MAANALU,Maan Aluminium Limited,BSE:MAANALU-EQ
MACPOWER,Macpower CNC Machines Limited,BSE:MACPOWER-EQ
MADHAV,Madhav Marbles and Granites Limited,BSE:MADHAV-EQ
MADHAVIPL,Madhav Infra Projects Limited,BSE:MADHAVIPL-EQ
MADRASFERT,Madras Fertilizers Limited,BSE:MADRASFERT-EQ
MAFATIND,Mafatlal Industries Limited,BSE:MAFATIND-EQ
MAGADSUGAR,Magadh Sugar & Energy Limited,BSE:MAGADSUGAR-EQ
MAGNUM,Magnum Ventures Limited,BSE:MAGNUM-EQ
MAHABANK,Bank of Maharashtra,BSE:MAHABANK-EQ
MAHAPEXLTD,Maha Rashtra Apex Corporation Limited,BSE:MAHAPEXLTD-EQ
MAHEPC,Mahindra EPC Irrigation Limited,BSE:MAHEPC-EQ
MAHLIFE,Mahindra Lifespace Developers Limited,BSE:MAHLIFE-EQ
MAHLOG,Mahindra Logistics Limited,BSE:MAHLOG-EQ
MAHSCOOTER,Maharashtra Scooters Limited,BSE:MAHSCOOTER-EQ
MAHSEAMLES,Maharashtra Seamless Limited,BSE:MAHSEAMLES-EQ
MAITHANALL,Maithan Alloys Limited,BSE:MAITHANALL-EQ
MAKERSL,Makers Laboratories Limited,BSE:MAKERSL-EQ
MALLCOM,Mallcom (India) Limited,BSE:MALLCOM-EQ
MALUPAPER,Malu Paper Mills Limited,BSE:MALUPAPER-EQ
MAMATA,Mamata Machinery Limited,BSE:MAMATA-EQ
MANAKALUCO,Manaksia Aluminium Company Limited,BSE:MANAKALUCO-EQ
MANAKCOAT,Manaksia Coated Metals & Industries Limited,BSE:MANAKCOAT-EQ
MANAKSIA,Manaksia Limited,BSE:MANAKSIA-EQ
MANALIPETC,Manali Petrochemicals Limited,BSE:MANALIPETC-EQ
MANAPPURAM,Manappuram Finance Limited,BSE:MANAPPURAM-EQ
MANBA,Manba Finance Limited,BSE:MANBA-EQ
MANCREDIT,Mangal Credit and Fincorp Limited,BSE:MANCREDIT-EQ
MANGALAM,Mangalam Drugs And Organics Limited,BSE:MANGALAM-EQ
MANGLMCEM,Mangalam Cement Limited,BSE:MANGLMCEM-EQ
MANINDS,Man Industries (India) Limited,BSE:MANINDS-EQ
MANINFRA,Man Infraconstruction Limited,BSE:MANINFRA-EQ
MANIPALHOS,Manipal Health Enterprises Limited,BSE:MANIPALHOS-EQ
MANKIND,Mankind Pharma Limited,BSE:MANKIND-EQ
MANOMAY,Manomay Tex India Limited,BSE:MANOMAY-EQ
MANORAMA,Manorama Industries Limited,BSE:MANORAMA-EQ
MANORG,Mangalam Organics Limited,BSE:MANORG-EQ
MANYAVAR,Vedant Fashions Limited,BSE:MANYAVAR-EQ
MAPMYINDIA,C.E. Info Systems Limited,BSE:MAPMYINDIA-EQ
MARALOVER,Maral Overseas Limited,BSE:MARALOVER-EQ
MARATHON,Marathon Nextgen Realty Limited,BSE:MARATHON-EQ
MARICO,Marico Limited,BSE:MARICO-EQ
MARINE,Marine Electricals (India) Limited,BSE:MARINE-EQ
MARKOLINES,Markolines Pavement Technologies Limited,BSE:MARKOLINES-EQ
MARKSANS,Marksans Pharma Limited,BSE:MARKSANS-EQ
MARSONS,Marsons Limited,BSE:MARSONS-EQ
MARUTI,Maruti Suzuki India Limited,BSE:MARUTI-EQ
MASFIN,MAS Financial Services Limited,BSE:MASFIN-EQ
MASKINVEST,Mask Investments Limited,BSE:MASKINVEST-EQ
MASTEK,Mastek Limited,BSE:MASTEK-EQ
MASTERTR,Master Trust Limited,BSE:MASTERTR-EQ
MATRIMONY,Matrimony.Com Limited,BSE:MATRIMONY-EQ
MAWANASUG,Mawana Sugars Limited,BSE:MAWANASUG-EQ
MAXESTATES,Max Estates Limited,BSE:MAXESTATES-EQ
MAXHEALTH,Max Healthcare Institute Limited,BSE:MAXHEALTH-EQ
MAXIND,Max India Limited,BSE:MAXIND-EQ
MAYURUNIQ,Mayur Uniquoters Ltd,BSE:MAYURUNIQ-EQ
MAZDOCK,Mazagon Dock Shipbuilders Limited,BSE:MAZDOCK-EQ
MBAPL,Madhya Bharat Agro Products Limited,BSE:MBAPL-EQ
MBEL,M & B Engineering Limited,BSE:MBEL-EQ
MBLINFRA,MBL Infrastructure Limited,BSE:MBLINFRA-EQ
MCCHRLS-B,Mac Charles India Limited,BSE:MCCHRLS-B-EQ
MCL,M TEK COPPER LIMITED,BSE:MCL-EQ
MCLEODRUSS,Mcleod Russel India Limited,BSE:MCLEODRUSS-EQ
MCLOUD,Magellanic Cloud Limited,BSE:MCLOUD-EQ
MCX,Multi Commodity Exchange of India Limited,BSE:MCX-EQ
MEDANTA,Global Health Limited,BSE:MEDANTA-EQ
MEDIASSIST,Medi Assist Healthcare Services Limited,BSE:MEDIASSIST-EQ
MEDICAMEQ,Medicamen Biotech Limited,BSE:MEDICAMEQ-EQ
MEDICAPQ,Medi Caps Limited,BSE:MEDICAPQ-EQ
MEDICO,Medico Remedies Limited,BSE:MEDICO-EQ
MEDPLUS,Medplus Health Services Limited,BSE:MEDPLUS-EQ
MEESHO,Meesho Limited,BSE:MEESHO-EQ
MEGASTAR,Megastar Foods Limited,BSE:MEGASTAR-EQ
MEIL,Mangal Electrical Industries Limited,BSE:MEIL-EQ
MENNPIS,Menon Pistons Limited,BSE:MENNPIS-EQ
MERCANTILE,Mercantile Ventures Limited,BSE:MERCANTILE-EQ
MERCURYEV,Mercury Ev-Tech Limited,BSE:MERCURYEV-EQ
METROBRAND,Metro Brands Limited,BSE:METROBRAND-EQ
METROGLOBL,Metroglobal Limited,BSE:METROGLOBL-EQ
METROPOLIS,Metropolis Healthcare Limited,BSE:METROPOLIS-EQ
MFML,Mahalaxmi Fabric Mills Limited,BSE:MFML-EQ
MFSL,Max Financial Services Limited,BSE:MFSL-EQ
MGEL,Mangalam Global Enterprise Limited,BSE:MGEL-EQ
MGL,Mahanagar Gas Limited,BSE:MGL-EQ
MHRIL,Mahindra Holidays & Resorts India Limited,BSE:MHRIL-EQ
MIDHANI,Mishra Dhatu Nigam Limited,BSE:MIDHANI-EQ
MIDWESTLTD,Midwest Limited,BSE:MIDWESTLTD-EQ
MIIL,Meghna Infracon Infrastructure Limited,BSE:MIIL-EQ
MILKYMIST,Milky Mist Dairy Food Limited,BSE:MILKYMIST-EQ
MINDACORP,Minda Corporation Limited,BSE:MINDACORP-EQ
MINDTECK,Mindteck (India) Limited,BSE:MINDTECK-EQ
MIRZAINT,Mirza International Limited,BSE:MIRZAINT-EQ
MITCON,MITCON Consultancy & Engineering Services Limited,BSE:MITCON-EQ
MITTAL,Mittal Life Style Limited,BSE:MITTAL-EQ
MKEXIM,M.K. Exim (India) Limited,BSE:MKEXIM-EQ
MKPL,M K Proteins Limited,BSE:MKPL-EQ
MLKFOOD,Milkfood Limited,BSE:MLKFOOD-EQ
MMFL,MM Forgings Limited,BSE:MMFL-EQ
MMP,MMP Industries Limited,BSE:MMP-EQ
MMTC,MMTC Limited,BSE:MMTC-EQ
MMWL,Media Matrix Worldwide Limited,BSE:MMWL-EQ
MOBIKWIK,One Mobikwik Systems Limited,BSE:MOBIKWIK-EQ
MODINATUR,Modi Naturals Limited,BSE:MODINATUR-EQ
MODIRUBBER,Modi Rubber Limited,BSE:MODIRUBBER-EQ
MODIS,Modis Navnirman Limited,BSE:MODIS-EQ
MODISONLTD,MODISON LIMITED,BSE:MODISONLTD-EQ
MODTHREAD,Modern Threads (India) Limited,BSE:MODTHREAD-EQ
MOHITE,Mohite Industries Limited,BSE:MOHITE-EQ
MOHITIND,Mohit Industries Limited,BSE:MOHITIND-EQ
MOIL,MOIL Limited,BSE:MOIL-EQ
MOKSH,Moksh Ornaments Limited,BSE:MOKSH-EQ
MOL,Meghmani Organics Limited,BSE:MOL-EQ
MOLBIO,Molbio Diagnostics Limited,BSE:MOLBIO-EQ
MOLDTKPAC,Mold-Tek Packaging Limited,BSE:MOLDTKPAC-EQ
MONARCH,Monarch Networth Capital Limited,BSE:MONARCH-EQ
MONEYBOXX,Moneyboxx Finance Limited,BSE:MONEYBOXX-EQ
MONTECARLO,Monte Carlo Fashions Limited,BSE:MONTECARLO-EQ
MOREPENLAB,Morepen Laboratories Limited,BSE:MOREPENLAB-EQ
MOSCHIP,Moschip Technologies Limited,BSE:MOSCHIP-EQ
MOTHERSON,Samvardhana Motherson International Limited,BSE:MOTHERSON-EQ
MOTILALOFS,Motilal Oswal Financial Services Limited,BSE:MOTILALOFS-EQ
MOTISONS,Motisons Jewellers Limited,BSE:MOTISONS-EQ
MOTOGENFIN,The Motor & General Finance Limited,BSE:MOTOGENFIN-EQ
MPHASIS,MphasiS Limited,BSE:MPHASIS-EQ
MPSLTD,MPS Limited,BSE:MPSLTD-EQ
MRF,MRF Limited,BSE:MRF-EQ
MRPL,Mangalore Refinery and Petrochemicals Limited,BSE:MRPL-EQ
MSL,Mangalam Seeds Limited,BSE:MSL-EQ
MSPL,MSP Steel & Power Limited,BSE:MSPL-EQ
MSTCLTD,Mstc Limited,BSE:MSTCLTD-EQ
MSUMI,Motherson Sumi Wiring India Limited,BSE:MSUMI-EQ
MTNL,Mahanagar Telephone Nigam Limited,BSE:MTNL-EQ
MUFIN,Mufin Green Finance Limited,BSE:MUFIN-EQ
MUFTI,Credo Brands Marketing Limited,BSE:MUFTI-EQ
MUKANDLTD,Mukand Limited,BSE:MUKANDLTD-EQ
MUKESHB,Mukesh Babu Financial Services Limited,BSE:MUKESHB-EQ
MUKKA,Mukka Proteins Limited,BSE:MUKKA-EQ
MUNJALAU,Munjal Auto Industries Limited,BSE:MUNJALAU-EQ
MUNJALSHOW,Munjal Showa Limited,BSE:MUNJALSHOW-EQ
MURUDCERA,Murudeshwar Ceramics Limited,BSE:MURUDCERA-EQ
MUTHOOTCAP,Muthoot Capital Services Limited,BSE:MUTHOOTCAP-EQ
MUTHOOTFIN,Muthoot Finance Limited,BSE:MUTHOOTFIN-EQ
MUTHOOTMF,Muthoot Microfin Limited,BSE:MUTHOOTMF-EQ
MVELECTRO,MV Electrosystems Limited,BSE:MVELECTRO-EQ
MVGJL,Manoj Vaibhav Gems N Jewellers Limited,BSE:MVGJL-EQ
MWL,Mangalam Worldwide Limited,BSE:MWL-EQ
NACLIND,NACL Industries Limited,BSE:NACLIND-EQ
NAGREEKCAP,Nagreeka Capital & Infrastructure Limited,BSE:NAGREEKCAP-EQ
NAGREEKEXP,Nagreeka Exports Limited,BSE:NAGREEKEXP-EQ
NAHARCAP,Nahar Capital and Financial Services Limited,BSE:NAHARCAP-EQ
NAHARINDUS,Nahar Industrial Enterprises Limited,BSE:NAHARINDUS-EQ
NAHARPOLY,Nahar Poly Films Limited,BSE:NAHARPOLY-EQ
NAHARSPING,Nahar Spinning Mills Limited,BSE:NAHARSPING-EQ
NAM-INDIA,Nippon Life India Asset Management Limited,BSE:NAM-INDIA-EQ
NARMADA,Narmada Agrobase Limited,BSE:NARMADA-EQ
NATCOPHARM,Natco Pharma Limited,BSE:NATCOPHARM-EQ
NATHBIOGEN,Nath Bio-Genes (India) Limited,BSE:NATHBIOGEN-EQ
NATIONALUM,National Aluminium Company Limited,BSE:NATIONALUM-EQ
NATIONSTD,National Standard (India) Limited,BSE:NATIONSTD-EQ
NAUKRI,Info Edge (India) Limited,BSE:NAUKRI-EQ
NAVA,NAVA LIMITED,BSE:NAVA-EQ
NAVINFLUOR,Navin Fluorine International Limited,BSE:NAVINFLUOR-EQ
NAVKARCORP,Navkar Corporation Limited,BSE:NAVKARCORP-EQ
NAVNETEDUL,Navneet Education Limited,BSE:NAVNETEDUL-EQ
NAZARA,Nazara Technologies Limited,BSE:NAZARA-EQ
NBCC,NBCC (India) Limited,BSE:NBCC-EQ
NBIFIN,N. B. I. Industrial Finance Company Limited,BSE:NBIFIN-EQ
NCC,NCC Limited,BSE:NCC-EQ
NCLIND,NCL Industries Limited,BSE:NCLIND-EQ
NDGL,Naga Dhunseri Group Limited,BSE:NDGL-EQ
NDL,Nandan Denim Limited,BSE:NDL-EQ
NDLVENTURE,NDL Ventures Limited,BSE:NDLVENTURE-EQ
NDRAUTO,Ndr Auto Components Limited,BSE:NDRAUTO-EQ
NDTV,New Delhi Television Limited,BSE:NDTV-EQ
NEAGI,Neelamalai Agro Industries Limited,BSE:NEAGI-EQ
NECLIFE,Nectar Lifesciences Limited,BSE:NECLIFE-EQ
NELCAST,Nelcast Limited,BSE:NELCAST-EQ
NELCO,NELCO Limited,BSE:NELCO-EQ
NEOGEN,Neogen Chemicals Limited,BSE:NEOGEN-EQ
NEPHROPLUS,Nephrocare Health Services Limited,BSE:NEPHROPLUS-EQ
NESCO,Nesco Limited,BSE:NESCO-EQ
NESTLEIND,Nestle India Limited,BSE:NESTLEIND-EQ
NETWEB,Netweb Technologies India Limited,BSE:NETWEB-EQ
NETWORK18,Network18 Media & Investments Limited,BSE:NETWORK18-EQ
NEULANDLAB,Neuland Laboratories Limited,BSE:NEULANDLAB-EQ
NEWGEN,Newgen Software Technologies Limited,BSE:NEWGEN-EQ
NEXTMEDIA,Next Mediaworks Limited,BSE:NEXTMEDIA-EQ
NFL,National Fertilizers Limited,BSE:NFL-EQ
NGIL,Nakoda Group of Industries Limited,BSE:NGIL-EQ
NGLFINE,NGL Fine-Chem Limited,BSE:NGLFINE-EQ
NH,Narayana Hrudayalaya Ltd.,BSE:NH-EQ
NHPC,NHPC Limited,BSE:NHPC-EQ
NIACL,The New India Assurance Company Limited,BSE:NIACL-EQ
NIBE,NIBE Limited,BSE:NIBE-EQ
NIBL,NRB Industrial Bearings Limited,BSE:NIBL-EQ
NICCOPAR,Nicco Parks & Resorts Limited,BSE:NICCOPAR-EQ
NIITLTD,NIIT Limited,BSE:NIITLTD-EQ
NIITMTS,NIIT Learning Systems Limited,BSE:NIITMTS-EQ
NILAINFRA,Nila Infrastructures Limited,BSE:NILAINFRA-EQ
NILASPACES,Nila Spaces Limited,BSE:NILASPACES-EQ
NILE,Nile Limited,BSE:NILE-EQ
NILKAMAL,Nilkamal Limited,BSE:NILKAMAL-EQ
NIMBSPROJ,Nimbus Projects Limited,BSE:NIMBSPROJ-EQ
NINSYS,NINtec Systems Limited,BSE:NINSYS-EQ
NIPPOBATRY,Indo-National Limited,BSE:NIPPOBATRY-EQ
NIRAJ,Niraj Cement Structurals Limited,BSE:NIRAJ-EQ
NIRLON,Nirlon Limited,BSE:NIRLON-EQ
NITCO,Nitco Limited,BSE:NITCO-EQ
NITINSPIN,Nitin Spinners Limited,BSE:NITINSPIN-EQ
NITIRAJ,Nitiraj Engineers Limited,BSE:NITIRAJ-EQ
NITTAGELA,Nitta Gelatin India Limited,BSE:NITTAGELA-EQ
NIVABUPA,Niva Bupa Health Insurance Company Limited,BSE:NIVABUPA-EQ
NKIND,NK Industries Limited,BSE:NKIND-EQ
NLCINDIA,NLC India Limited,BSE:NLCINDIA-EQ
NMDC,NMDC Limited,BSE:NMDC-EQ
NOCIL,NOCIL Limited,BSE:NOCIL-EQ
NOIDATOLL,Noida Toll Bridge Company Limited,BSE:NOIDATOLL-EQ
NORBTEAEXP,Norben Tea & Exports Limited,BSE:NORBTEAEXP-EQ
NORTHARC,Northern Arc Capital Limited,BSE:NORTHARC-EQ
NOVARTIND,Novartis India Limited,BSE:NOVARTIND-EQ
NPST,Network People Services Technologies Limited,BSE:NPST-EQ
NRAIL,N R Agarwal Industries Limited,BSE:NRAIL-EQ
NRBBEARING,NRB Bearing Limited,BSE:NRBBEARING-EQ
NSIL,Nalwa Sons Investments Limited,BSE:NSIL-EQ
NSLNISP,NMDC Steel Limited,BSE:NSLNISP-EQ
NTCIND,NTC Industries Limited,BSE:NTCIND-EQ
NTPC,NTPC Limited,BSE:NTPC-EQ
NTPCGREEN,NTPC Green Energy Limited,BSE:NTPCGREEN-EQ
NUCLEUS,Nucleus Software Exports Limited,BSE:NUCLEUS-EQ
NUVAMA,Nuvama Wealth Management Limited,BSE:NUVAMA-EQ
NUVOCO,Nuvoco Vistas Corporation Limited,BSE:NUVOCO-EQ
NYKAA,FSN E-Commerce Ventures Limited,BSE:NYKAA-EQ
OAL,Oriental Aromatics Limited,BSE:OAL-EQ
OBCL,OBCL Limited,BSE:OBCL-EQ
OBEROIRLTY,Oberoi Realty Limited,BSE:OBEROIRLTY-EQ
ODIGMA,Odigma Consultancy Solutions Limited,BSE:ODIGMA-EQ
ODYCORP,Odyssey Corporation Limited,BSE:ODYCORP-EQ
OFSS,Oracle Financial Services Software Limited,BSE:OFSS-EQ
OIL,Oil India Limited,BSE:OIL-EQ
OLAELEC,Ola Electric Mobility Limited,BSE:OLAELEC-EQ
OLECTRA,Olectra Greentech Limited,BSE:OLECTRA-EQ
OMAXAUTO,Omax Autos Limited,BSE:OMAXAUTO-EQ
OMAXE,Omaxe Limited,BSE:OMAXE-EQ
OMINFRAL,OM INFRA LIMITED,BSE:OMINFRAL-EQ
OMNI,Omnitech Engineering Limited,BSE:OMNI-EQ
OMPOWER,Om Power Transmission Limited,BSE:OMPOWER-EQ
ONEGLOBAL,One Global Service Provider Limited,BSE:ONEGLOBAL-EQ
ONEPOINT,One Point One Solutions Limited,BSE:ONEPOINT-EQ
ONESOURCE,Onesource Specialty Pharma Limited,BSE:ONESOURCE-EQ
ONGC,Oil & Natural Gas Corporation Limited,BSE:ONGC-EQ
ONIDA,Onida Electronics Limited,BSE:ONIDA-EQ
ONIXSOLAR,Onix Solar Energy Limited,BSE:ONIXSOLAR-EQ
ONWARDTEC,Onward Technologies Limited,BSE:ONWARDTEC-EQ
OPTIEMUS,Optiemus Infracom Limited,BSE:OPTIEMUS-EQ
OPTIFIN,Optimus Finance Limited,BSE:OPTIFIN-EQ
ORCHASP,Orchasp Limited,BSE:ORCHASP-EQ
ORCHPHARMA,Orchid Pharma Limited,BSE:ORCHPHARMA-EQ
ORICONENT,Oricon Enterprises Limited,BSE:ORICONENT-EQ
ORIENTALTL,Oriental Trimex Limited,BSE:ORIENTALTL-EQ
ORIENTBELL,Orient Bell Limited,BSE:ORIENTBELL-EQ
ORIENTCEM,Orient Cement Limited,BSE:ORIENTCEM-EQ
ORIENTCER,ORIENT CERATECH LIMITED,BSE:ORIENTCER-EQ
ORIENTELEC,Orient Electric Limited,BSE:ORIENTELEC-EQ
ORIENTHOT,Oriental Hotels Limited,BSE:ORIENTHOT-EQ
ORIENTPPR,Orient Paper & Industries Limited,BSE:ORIENTPPR-EQ
ORIENTTECH,Orient Technologies Limited,BSE:ORIENTTECH-EQ
ORIRAIL,Oriental Rail Infrastructure Limited,BSE:ORIRAIL-EQ
ORISSAMINE,The Orissa Minerals Development Company Limited,BSE:ORISSAMINE-EQ
ORKLAINDIA,Orkla India Limited,BSE:ORKLAINDIA-EQ
ORTINGLOBE,ORTIN GLOBAL LIMITED,BSE:ORTINGLOBE-EQ
OSWALAGRO,Oswal Agro Mills Limited,BSE:OSWALAGRO-EQ
OSWALGREEN,Oswal Greentech Limited,BSE:OSWALGREEN-EQ
OSWALPUMPS,Oswal Pumps Limited,BSE:OSWALPUMPS-EQ
OSWALSEEDS,ShreeOswal Seeds And Chemicals Limited,BSE:OSWALSEEDS-EQ
PACEDIGITK,Pace Digitek Limited,BSE:PACEDIGITK-EQ
PACIFICI,Pacific Industries Limited,BSE:PACIFICI-EQ
PAGEIND,Page Industries Limited,BSE:PAGEIND-EQ
PAISALO,Paisalo Digital Limited,BSE:PAISALO-EQ
PAKKA,PAKKA LIMITED,BSE:PAKKA-EQ
PALASHSECU,Palash Securities Limited,BSE:PALASHSECU-EQ
PALREDTEC,Palred Technologies Limited,BSE:PALREDTEC-EQ
PANACEABIO,Panacea Biotec Limited,BSE:PANACEABIO-EQ
PANAMAPET,Panama Petrochem Limited,BSE:PANAMAPET-EQ
PANCHMAHQ,Panchmahal Steel Limited,BSE:PANCHMAHQ-EQ
PANORAMA,Panorama Studios International Limited,BSE:PANORAMA-EQ
PANSARI,Pansari Developers Limited,BSE:PANSARI-EQ
PARACABLES,Paramount Communications Limited,BSE:PARACABLES-EQ
PARADEEP,Paradeep Phosphates Limited,BSE:PARADEEP-EQ
PARAGMILK,Parag Milk Foods Limited,BSE:PARAGMILK-EQ
PARAS,Paras Defence and Space Technologies Limited,BSE:PARAS-EQ
PARASPETRO,Paras Petrofils Limited,BSE:PARASPETRO-EQ
PARKHOSPS,Park Medi World Limited,BSE:PARKHOSPS-EQ
PARKHOTELS,Apeejay Surrendra Park Hotels Limited,BSE:PARKHOTELS-EQ
PARNAXLAB,Parnax Lab Limited,BSE:PARNAXLAB-EQ
PASHUPATI,Pashupati Cotspin Limited,BSE:PASHUPATI-EQ
PATANJALI,Patanjali Foods Limited,BSE:PATANJALI-EQ
PATELENG,Patel Engineering Limited,BSE:PATELENG-EQ
PATELRMART,Patel Retail Limited,BSE:PATELRMART-EQ
PAUSHAKLTD,Paushak Limited,BSE:PAUSHAKLTD-EQ
PAVNAIND,Pavna Industries Limited,BSE:PAVNAIND-EQ
PAYTM,One 97 Communications Limited,BSE:PAYTM-EQ
PBMPOLY,PBM Polytex Limited,BSE:PBMPOLY-EQ
PCBL,PCBL Chemical Limited,BSE:PCBL-EQ
PCJEWELLER,PC Jeweller Limited,BSE:PCJEWELLER-EQ
PDMJEPAPER,Pudumjee Paper Products Limited,BSE:PDMJEPAPER-EQ
PDSL,PDS Limited,BSE:PDSL-EQ
PEARLPOLY,Pearl Polymers Limited,BSE:PEARLPOLY-EQ
PENIND,Pennar Industries Limited,BSE:PENIND-EQ
PENINLAND,Peninsula Land Limited,BSE:PENINLAND-EQ
PERMAGN,Permanent Magnets Limited,BSE:PERMAGN-EQ
PERNIASPOP,Purple Style Labs Limited,BSE:PERNIASPOP-EQ
PERSISTENT,Persistent Systems Limited,BSE:PERSISTENT-EQ
PETRONET,Petronet LNG Limited,BSE:PETRONET-EQ
PFC,Power Finance Corporation Limited,BSE:PFC-EQ
PFIZER,Pfizer Limited,BSE:PFIZER-EQ
PFOCUS,Prime Focus Limited,BSE:PFOCUS-EQ
PFS,PTC India Financial Services Limited,BSE:PFS-EQ
PGEL,PG Electroplast Limited,BSE:PGEL-EQ
PGHH,Procter & Gamble Hygiene and Health Care Limited,BSE:PGHH-EQ
PGHL,Procter & Gamble Health Limited,BSE:PGHL-EQ
PGIL,Pearl Global Industries Limited,BSE:PGIL-EQ
PHOENIXLTD,The Phoenix Mills Limited,BSE:PHOENIXLTD-EQ
PHOENXINTL,Phoenix International Limited,BSE:PHOENXINTL-EQ
PICCADIL,Piccadily Agro Industries Limited,BSE:PICCADIL-EQ
PIDILITIND,Pidilite Industries Limited,BSE:PIDILITIND-EQ
PIGL,Power & Instrumentation (Gujarat) Limited,BSE:PIGL-EQ
PIIND,PI Industries Limited,BSE:PIIND-EQ
PILANIINVS,Pilani Investment and Industries Corporation Limited,BSE:PILANIINVS-EQ
PILITA,PIL ITALICA LIFESTYLE LIMITED,BSE:PILITA-EQ
PINELABS,Pine Labs Limited,BSE:PINELABS-EQ
PIONEEREMB,Pioneer Embroideries Limited,BSE:PIONEEREMB-EQ
PIRAMALFIN,Piramal Finance Limited,BSE:PIRAMALFIN-EQ
PITTIENG,Pitti Engineering Limited,BSE:PITTIENG-EQ
PIXTRANS,Pix Transmissions Limited,BSE:PIXTRANS-EQ
PKTEA,The Peria Karamalai Tea & Produce Company Limited,BSE:PKTEA-EQ
PLASTIBLEN,Plastiblends India Limited,BSE:PLASTIBLEN-EQ
PLATIND,Platinum Industries Limited,BSE:PLATIND-EQ
PLAZACABLE,Plaza Wires Limited,BSE:PLAZACABLE-EQ
PML,Paul Merchants Limited,BSE:PML-EQ
PNB,Punjab National Bank,BSE:PNB-EQ
PNBGILTS,PNB Gilts Limited,BSE:PNBGILTS-EQ
PNBHOUSING,PNB Housing Finance Limited,BSE:PNBHOUSING-EQ
PNC,Pritish Nandy Communications Limited,BSE:PNC-EQ
PNCINFRA,PNC Infratech Limited,BSE:PNCINFRA-EQ
PNGJL,P N Gadgil Jewellers Limited,BSE:PNGJL-EQ
PNGSREVA,PNGS Reva Diamond Jewellery Limited,BSE:PNGSREVA-EQ
POCL,Pondy Oxides & Chemicals Limited,BSE:POCL-EQ
PODDARMENT,Poddar Pigments Limited,BSE:PODDARMENT-EQ
POEL,POCL Enterprises Limited,BSE:POEL-EQ
POKARNA,Pokarna Limited,BSE:POKARNA-EQ
POLICYBZR,PB Fintech Limited,BSE:POLICYBZR-EQ
POLYCAB,Polycab India Limited,BSE:POLYCAB-EQ
POLYMED,Poly Medicure Limited,BSE:POLYMED-EQ
POLYPLEX,Polyplex Corporation Limited,BSE:POLYPLEX-EQ
POLYSPIN,Polyspin Exports Limited,BSE:POLYSPIN-EQ
PONNIERODE,Ponni Sugars (Erode) Limited,BSE:PONNIERODE-EQ
POONAWALLA,Poonawalla Fincorp Limited,BSE:POONAWALLA-EQ
POWERGRID,Power Grid Corporation of India Limited,BSE:POWERGRID-EQ
POWERICA,Powerica Limited,BSE:POWERICA-EQ
POWERINDIA,Hitachi Energy India Limited,BSE:POWERINDIA-EQ
POWERMECH,Power Mech Projects Limited,BSE:POWERMECH-EQ
PPLPHARMA,Piramal Pharma Limited,BSE:PPLPHARMA-EQ
PRABHA,Prabha Energy Limited,BSE:PRABHA-EQ
PRAENG,Prajay Engineers Syndicate Limited,BSE:PRAENG-EQ
PRAJIND,Praj Industries Limited,BSE:PRAJIND-EQ
PRAKASH,Prakash Industries Limited,BSE:PRAKASH-EQ
PRAKASHSTL,Prakash Steelage Limited,BSE:PRAKASHSTL-EQ
PRAVEG,Praveg Limited,BSE:PRAVEG-EQ
PRAXIS,Praxis Home Retail Limited,BSE:PRAXIS-EQ
PRECAM,Precision Camshafts Limited,BSE:PRECAM-EQ
PRECOT,Precot Limited,BSE:PRECOT-EQ
PRECWIRE,Precision Wires India Limited,BSE:PRECWIRE-EQ
PREMCO,Premco Global Limited,BSE:PREMCO-EQ
PREMEXPLN,Premier Explosives Limited,BSE:PREMEXPLN-EQ
PREMIERENE,Premier Energies Limited,BSE:PREMIERENE-EQ
PREMIERPOL,Premier Polyfilm Limited,BSE:PREMIERPOL-EQ
PRESTIGE,Prestige Estates Projects Limited,BSE:PRESTIGE-EQ
PRICOLLTD,Pricol Limited,BSE:PRICOLLTD-EQ
PRIMESECU,Prime Securities Limited,BSE:PRIMESECU-EQ
PRIMO,Primo Chemicals Limited,BSE:PRIMO-EQ
PRINCEPIPE,Prince Pipes And Fittings Limited,BSE:PRINCEPIPE-EQ
PRISMX,Prismx Global Ventures Limited,BSE:PRISMX-EQ
PRIVISCL,Privi Speciality Chemicals Limited,BSE:PRIVISCL-EQ
PROSTARM,Prostarm Info Systems Limited,BSE:PROSTARM-EQ
PROTEAN,Protean eGov Technologies Limited,BSE:PROTEAN-EQ
PROZONER,Prozone Realty Limited,BSE:PROZONER-EQ
PRSMJOHNSN,Prism Johnson Limited,BSE:PRSMJOHNSN-EQ
PRUDENT,Prudent Corporate Advisory Services Limited,BSE:PRUDENT-EQ
PSB,Punjab & Sind Bank,BSE:PSB-EQ
PSPPROJECT,PSP Projects Limited,BSE:PSPPROJECT-EQ
PTC,PTC India Limited,BSE:PTC-EQ
PTCIL,PTC Industries Limited,BSE:PTCIL-EQ
PTL,PTL Enterprises Limited,BSE:PTL-EQ
PUNJABCHEM,Punjab Chemicals & Crop Protection Limited,BSE:PUNJABCHEM-EQ
PURVA,Puravankara Limited,BSE:PURVA-EQ
PVP,PVP Ventures Limited,BSE:PVP-EQ
PVRINOX,PVR INOX Limited,BSE:PVRINOX-EQ
PVSL,Popular Vehicles and Services Limited,BSE:PVSL-EQ
PWL,Physicswallah Limited,BSE:PWL-EQ
PYRAMID,Pyramid Technoplast Limited,BSE:PYRAMID-EQ
QPOWER,Quality Power Electrical Equipments Limited,BSE:QPOWER-EQ
QUADFUTURE,Quadrant Future Tek Limited,BSE:QUADFUTURE-EQ
QUESS,Quess Corp Limited,BSE:QUESS-EQ
QUICKHEAL,Quick Heal Technologies Limited,BSE:QUICKHEAL-EQ
QUINT,Quint Digital Limited,BSE:QUINT-EQ
RACE,Race Eco Chain Limited,BSE:RACE-EQ
RACLGEAR,RACL Geartech Limited,BSE:RACLGEAR-EQ
RADAAN,Radaan Mediaworks India Limited,BSE:RADAAN-EQ
RADHIKAJWE,Radhika Jeweltech Limited,BSE:RADHIKAJWE-EQ
RADIANTCMS,Radiant Cash Management Services Limited,BSE:RADIANTCMS-EQ
RADICO,Radico Khaitan Limited,BSE:RADICO-EQ
RADIOCITY,Music Broadcast Limited,BSE:RADIOCITY-EQ
RAILTEL,Railtel Corporation Of India Limited,BSE:RAILTEL-EQ
RAIN,Rain Industries Limited,BSE:RAIN-EQ
RAINBOW,Rainbow Childrens Medicare Limited,BSE:RAINBOW-EQ
RAJMET,Rajnandini Metal Limited,BSE:RAJMET-EQ
RAJPALAYAM,Rajapalayam Mills Limited,BSE:RAJPALAYAM-EQ
RAJRATAN,Rajratan Global Wire Limited,BSE:RAJRATAN-EQ
RAJSREESUG,Rajshree Sugars & Chemicals Limited,BSE:RAJSREESUG-EQ
RAJTV,Raj Television Network Limited,BSE:RAJTV-EQ
RALLIS,Rallis India Limited,BSE:RALLIS-EQ
RAMANEWS,Shree Rama Newsprint Limited,BSE:RAMANEWS-EQ
RAMAPHO,Rama Phosphates Limited,BSE:RAMAPHO-EQ
RAMBHAJO,Advit Jewels Limited,BSE:RAMBHAJO-EQ
RAMCOCEM,The Ramco Cements Limited,BSE:RAMCOCEM-EQ
RAMCOIND,Ramco Industries Limited,BSE:RAMCOIND-EQ
RAMCOSYS,Ramco Systems Limited,BSE:RAMCOSYS-EQ
RAMKY,Ramky Infrastructure Limited,BSE:RAMKY-EQ
RAMRAT,Ram Ratna Wires Limited,BSE:RAMRAT-EQ
RANASUG,Rana Sugars Limited,BSE:RANASUG-EQ
RANEHOLDIN,Rane Holdings Limited,BSE:RANEHOLDIN-EQ
RATEGAIN,Rategain Travel Technologies Limited,BSE:RATEGAIN-EQ
RATNAMANI,Ratnamani Metals & Tubes Limited,BSE:RATNAMANI-EQ
RATNAVEER,Ratnaveer Precision Engineering Limited,BSE:RATNAVEER-EQ
RAYMOND,Raymond Limited,BSE:RAYMOND-EQ
RAYMONDLSL,Raymond Lifestyle Limited,BSE:RAYMONDLSL-EQ
RAYMONDREL,Raymond Realty Limited,BSE:RAYMONDREL-EQ
RBA,Restaurant Brands Asia Limited,BSE:RBA-EQ
RBLBANK,RBL Bank Limited,BSE:RBLBANK-EQ
RCF,Rashtriya Chemicals and Fertilizers Limited,BSE:RCF-EQ
RECLTD,REC Limited,BSE:RECLTD-EQ
REDINGTON,Redington Limited,BSE:REDINGTON-EQ
REDTAPE,Redtape Limited,BSE:REDTAPE-EQ
REFEX,Refex Industries Limited,BSE:REFEX-EQ
REGAAL,Regaal Resources Limited,BSE:REGAAL-EQ
REGENCERAM,Regency Ceramics Limited,BSE:REGENCERAM-EQ
RELAXO,Relaxo Footwears Limited,BSE:RELAXO-EQ
RELCHEMQ,Reliance Chemotex Industries Limited,BSE:RELCHEMQ-EQ
RELIABLE,Reliable Data Services Limited,BSE:RELIABLE-EQ
RELIANCE,Reliance Industries Limited,BSE:RELIANCE-EQ
RELIGARE,Religare Enterprises Limited,BSE:RELIGARE-EQ
RELTD,Ravindra Energy Limited,BSE:RELTD-EQ
REMSONSIND,Remsons Industries Limited,BSE:REMSONSIND-EQ
RENUKA,Shree Renuka Sugars Limited,BSE:RENUKA-EQ
REPCOHOME,Repco Home Finance Limited,BSE:REPCOHOME-EQ
REPRO,Repro India Limited,BSE:REPRO-EQ
RESPONIND,Responsive Industries Limited,BSE:RESPONIND-EQ
RETAIL,JHS Svendgaard Retail Ventures Limited,BSE:RETAIL-EQ
RGL,Renaissance Global Limited,BSE:RGL-EQ
RHETAN,Rhetan TMT Limited,BSE:RHETAN-EQ
RHIM,RHI MAGNESITA INDIA LIMITED,BSE:RHIM-EQ
RHL,Robust Hotels Limited,BSE:RHL-EQ
RICOAUTO,Rico Auto Industries Limited,BSE:RICOAUTO-EQ
RIIL,Reliance Industrial Infrastructure Limited,BSE:RIIL-EQ
RIR,RIR Power Electronics Limited,BSE:RIR-EQ
RISHABH,Rishabh Instruments Limited,BSE:RISHABH-EQ
RITCO,Ritco Logistics Limited,BSE:RITCO-EQ
RITES,RITES Limited,BSE:RITES-EQ
RKDL,Ravi Kumar Distilleries Limited,BSE:RKDL-EQ
RKEC,RKEC Projects Limited,BSE:RKEC-EQ
RKFORGE,Ramkrishna Forgings Limited,BSE:RKFORGE-EQ
RKSWAMY,R K Swamy Limited,BSE:RKSWAMY-EQ
RMC,RMC Switchgears Limited,BSE:RMC-EQ
RML,Rane (Madras) Limited,BSE:RML-EQ
ROHLTD,Royal Orchid Hotels Limited,BSE:ROHLTD-EQ
ROLEXRINGS,Rolex Rings Limited,BSE:ROLEXRINGS-EQ
ROML,Raj Oil Mills Limited,BSE:ROML-EQ
ROSSARI,Rossari Biotech Limited,BSE:ROSSARI-EQ
ROSSELLIND,Rossell India Limited,BSE:ROSSELLIND-EQ
ROSSTECH,Rossell Techsys Limited,BSE:ROSSTECH-EQ
ROTO,Roto Pumps Limited,BSE:ROTO-EQ
ROUTE,ROUTE MOBILE LIMITED,BSE:ROUTE-EQ
RPEL,Raghav Productivity Enhancers Limited,BSE:RPEL-EQ
RPGLIFE,RPG Life Sciences Limited,BSE:RPGLIFE-EQ
RPOWER,Reliance Power Limited,BSE:RPOWER-EQ
RPPINFRA,R.P.P. Infra Projects Limited,BSE:RPPINFRA-EQ
RPSGVENT,RPSG VENTURES LIMITED,BSE:RPSGVENT-EQ
RPTECH,Rashi Peripherals Limited,BSE:RPTECH-EQ
RRECL,RDB Real Estate Constructions Limited,BSE:RRECL-EQ
RRIL,RRIL Limited,BSE:RRIL-EQ
RRKABEL,R R Kabel Limited,BSE:RRKABEL-EQ
RSL,Rajputana Stainless Limited,BSE:RSL-EQ
RSSOFTWARE,R. S. Software (India) Limited,BSE:RSSOFTWARE-EQ
RSYSTEMS,R Systems International Limited,BSE:RSYSTEMS-EQ
RTNINDIA,RattanIndia Enterprises Limited,BSE:RTNINDIA-EQ
RTNPOWER,RattanIndia Power Limited,BSE:RTNPOWER-EQ
RTSPOWR,RTS Power Corporation Limited,BSE:RTSPOWR-EQ
RUBFILA,Rubfila International Limited,BSE:RUBFILA-EQ
RUBICON,Rubicon Research Limited,BSE:RUBICON-EQ
RUBYMILLS,The Ruby Mills Limited,BSE:RUBYMILLS-EQ
RUCHINFRA,Ruchi Infrastructure Limited,BSE:RUCHINFRA-EQ
RUCHIRA,Ruchira Papers Limited,BSE:RUCHIRA-EQ
RUDRA,Rudra Global Infra Products Limited,BSE:RUDRA-EQ
RUPA,Rupa & Company Limited,BSE:RUPA-EQ
RUSHIL,Rushil Decor Limited,BSE:RUSHIL-EQ
RUSTOMJEE,Keystone Realtors Limited,BSE:RUSTOMJEE-EQ
RVHL,Ravinder Heights Limited,BSE:RVHL-EQ
RVNL,Rail Vikas Nigam Limited,BSE:RVNL-EQ
RVTH,Revathi Equipment India Limited,BSE:RVTH-EQ
S&SPOWER,S&S Power Switchgears Limited,BSE:S&SPOWER-EQ
SAATVIKGL,Saatvik Green Energy Limited,BSE:SAATVIKGL-EQ
SAB,SAB Industries Limited,BSE:SAB-EQ
SADBHAV,Sadbhav Engineering Limited,BSE:SADBHAV-EQ
SAFARI,Safari Industries (India) Limited,BSE:SAFARI-EQ
SAGARDEEP,Sagardeep Alloys Limited,BSE:SAGARDEEP-EQ
SAGCEM,Sagar Cements Limited,BSE:SAGCEM-EQ
SAGILITY,SAGILITY LIMITED,BSE:SAGILITY-EQ
SAHLIBHFI,Shalibhadra Finance Limited,BSE:SAHLIBHFI-EQ
SAHYADRI,Sahyadri Industries Limited,BSE:SAHYADRI-EQ
SAICAPI,Sai Capital Limited,BSE:SAICAPI-EQ
SAIL,Steel Authority of India Limited,BSE:SAIL-EQ
SAILIFE,Sai Life Sciences Limited,BSE:SAILIFE-EQ
SAIPARENT,Sai Parenterals Limited,BSE:SAIPARENT-EQ
SAKAR,Sakar Healthcare Limited,BSE:SAKAR-EQ
SAKHTISUG,Sakthi Sugars Limited,BSE:SAKHTISUG-EQ
SAKSOFT,Saksoft Limited,BSE:SAKSOFT-EQ
SAKUMA,Sakuma Exports Limited,BSE:SAKUMA-EQ
SALASAR,Salasar Techno Engineering Limited,BSE:SALASAR-EQ
SALONA,Salona Cotspin Limited,BSE:SALONA-EQ
SALSTEEL,S.A.L. Steel Limited,BSE:SALSTEEL-EQ
SALZERELEC,Salzer Electronics Limited,BSE:SALZERELEC-EQ
SAMBANDAM,Sambandam Spinning Mills Limited,BSE:SAMBANDAM-EQ
SAMBHAAV,Sambhaav Media Limited,BSE:SAMBHAAV-EQ
SAMBHV,Sambhv Steel Tubes Limited,BSE:SAMBHV-EQ
SAMHI,Samhi Hotels Limited,BSE:SAMHI-EQ
SAMMAANCAP,Sammaan Capital Limited,BSE:SAMMAANCAP-EQ
SAMPANN,Sampann Utpadan India Limited,BSE:SAMPANN-EQ
SANATHAN,Sanathan Textiles Limited,BSE:SANATHAN-EQ
SANDESH,The Sandesh Limited,BSE:SANDESH-EQ
SANDHAR,Sandhar Technologies Limited,BSE:SANDHAR-EQ
SANDUMA,Sandur Manganese & Iron Ores Limited,BSE:SANDUMA-EQ
SANGAMIND,Sangam (India) Limited,BSE:SANGAMIND-EQ
SANGHVIMOV,Sanghvi Movers Limited,BSE:SANGHVIMOV-EQ
SANOFI,Sanofi India Limited,BSE:SANOFI-EQ
SANOFICONR,Sanofi Consumer Healthcare India Limited,BSE:SANOFICONR-EQ
SANSERA,Sansera Engineering Limited,BSE:SANSERA-EQ
SANSTAR,Sanstar Limited,BSE:SANSTAR-EQ
SAPPHIRE,Sapphire Foods India Limited,BSE:SAPPHIRE-EQ
SAPPL,Shree Ajit Pulp & Paper Limited,BSE:SAPPL-EQ
SARDAEN,Sarda Energy & Minerals Limited,BSE:SARDAEN-EQ
SAREGAMA,Saregama India Limited,BSE:SAREGAMA-EQ
SARLAPOLY,Sarla Performance Fibers Limited,BSE:SARLAPOLY-EQ
SARVESHWAR,Sarveshwar Foods Limited,BSE:SARVESHWAR-EQ
SASKEN,Sasken Technologies Limited,BSE:SASKEN-EQ
SATIA,Satia Industries Limited,BSE:SATIA-EQ
SATIN,Satin Creditcare Network Limited,BSE:SATIN-EQ
SAURASHCEM,Saurashtra Cement Limited,BSE:SAURASHCEM-EQ
SAYAJIHOTL,Sayaji Hotels Limited,BSE:SAYAJIHOTL-EQ
SAYAJIIND,Sayaji Industries Limited,BSE:SAYAJIIND-EQ
SBC,SBC Exports Limited,BSE:SBC-EQ
SBCL,Shivalik Bimetal Controls Limited,BSE:SBCL-EQ
SBFC,SBFC Finance Limited,BSE:SBFC-EQ
SBGLP,Suratwwala Business Group Limited,BSE:SBGLP-EQ
SBICARD,SBI Cards and Payment Services Limited,BSE:SBICARD-EQ
SBIFUNDS,SBI Funds Management Limited,BSE:SBIFUNDS-EQ
SBILIFE,SBI Life Insurance Company Limited,BSE:SBILIFE-EQ
SBIN,State Bank of India,BSE:SBIN-EQ
SCHAEFFLER,Schaeffler India Limited,BSE:SCHAEFFLER-EQ
SCHAND,S Chand And Company Limited,BSE:SCHAND-EQ
SCHNEIDER,Schneider Electric Infrastructure Limited,BSE:SCHNEIDER-EQ
SCI,Shipping Corporation Of India Limited,BSE:SCI-EQ
SCILAL,Shipping Corporation of India Land and Assets Limited,BSE:SCILAL-EQ
SCODATUBES,Scoda Tubes Limited,BSE:SCODATUBES-EQ
SDBL,Som Distilleries & Breweries Limited,BSE:SDBL-EQ
SEAMECLTD,Seamec Limited,BSE:SEAMECLTD-EQ
SECMARK,SecMark Consultancy Limited,BSE:SECMARK-EQ
SECURKLOUD,SECUREKLOUD TECHNOLOGIES LIMITED,BSE:SECURKLOUD-EQ
SEDEMAC,SEDEMAC Mechatronics Limited,BSE:SEDEMAC-EQ
SEIL,Shanti Educational Initiatives Limited,BSE:SEIL-EQ
SEJALLTD,Sejal Glass Limited,BSE:SEJALLTD-EQ
SEKURITIND,Saint Gobain Sekurit India Limited,BSE:SEKURITIND-EQ
SELMC,SEL Manufacturing Company Limited,BSE:SELMC-EQ
SEMAC,Semac Construction Limited,BSE:SEMAC-EQ
SENCO,Senco Gold Limited,BSE:SENCO-EQ
SENORES,Senores Pharmaceuticals Limited,BSE:SENORES-EQ
SEPC,SEPC Limited,BSE:SEPC-EQ
SERVOTECH,Servotech Renewable Power System Limited,BSE:SERVOTECH-EQ
SESHAPAPER,Seshasayee Paper and Boards Limited,BSE:SESHAPAPER-EQ
SETL,Standard Engineering Technology Limited,BSE:SETL-EQ
SFL,Sheela Foam Limited,BSE:SFL-EQ
SGFIN,SG Finserve Limited,BSE:SGFIN-EQ
SGIL,Synergy Green Industries Limited,BSE:SGIL-EQ
SGL,STL Global Limited,BSE:SGL-EQ
SGLRES,SGL Resources Limited,BSE:SGLRES-EQ
SGMART,SG Mart Limited,BSE:SGMART-EQ
SGRL,Shree Ganesh Remedies Limited,BSE:SGRL-EQ
SHADOWFAX,Shadowfax Technologies Limited,BSE:SHADOWFAX-EQ
SHAH,Shah Metacorp Limited,BSE:SHAH-EQ
SHAILY,Shaily Engineering Plastics Limited,BSE:SHAILY-EQ
SHAKTIPUMP,Shakti Pumps (India) Limited,BSE:SHAKTIPUMP-EQ
SHALBY,Shalby Limited,BSE:SHALBY-EQ
SHANKARA,Shankara Building Products Limited,BSE:SHANKARA-EQ
SHANKESH,Shankesh Jewellers Limited,BSE:SHANKESH-EQ
SHANTI,Shanti Overseas (India) Limited,BSE:SHANTI-EQ
SHANTIGEAR,Shanthi Gears Limited,BSE:SHANTIGEAR-EQ
SHANTIGOLD,Shanti Gold International Limited,BSE:SHANTIGOLD-EQ
SHARDACROP,Sharda Cropchem Limited,BSE:SHARDACROP-EQ
SHARDAMOTR,Sharda Motor Industries Limited,BSE:SHARDAMOTR-EQ
SHAREINDIA,Share India Securities Limited,BSE:SHAREINDIA-EQ
SHBAJRG,Shri Bajrang Alliance Limited,BSE:SHBAJRG-EQ
SHERVANI,Shervani Industrial Syndicate Limited,BSE:SHERVANI-EQ
SHILCTECH,Shilchar Technologies Limited,BSE:SHILCTECH-EQ
SHILGRAVQ,Shilp Gravures Limited,BSE:SHILGRAVQ-EQ
SHILPAMED,Shilpa Medicare Limited,BSE:SHILPAMED-EQ
SHINDL,Sharat Industries Limited,BSE:SHINDL-EQ
SHIPROCKET,Shiprocket Limited,BSE:SHIPROCKET-EQ
SHIVAAGRO,Shiva Global Agro Industries Limited,BSE:SHIVAAGRO-EQ
SHIVACEM,Shiva Cement Limited,BSE:SHIVACEM-EQ
SHIVALIK,Shivalik Rasayan Limited,BSE:SHIVALIK-EQ
SHIVAMAUTO,Shivam Autotech Limited,BSE:SHIVAMAUTO-EQ
SHIVAMILLS,Shiva Mills Limited,BSE:SHIVAMILLS-EQ
SHIVATEX,Shiva Texyarn Limited,BSE:SHIVATEX-EQ
SHIVAUM,Shiv Aum Steels Limited,BSE:SHIVAUM-EQ
SHK,S H Kelkar and Company Limited,BSE:SHK-EQ
SHOPERSTOP,Shoppers Stop Limited,BSE:SHOPERSTOP-EQ
SHRADDHA,Shraddha Prime Projects Limited,BSE:SHRADDHA-EQ
SHRADHA,Shradha Realty Limited,BSE:SHRADHA-EQ
SHREDIGCEM,Shree Digvijay Cement Co.Ltd,BSE:SHREDIGCEM-EQ
SHREECEM,SHREE CEMENT LIMITED,BSE:SHREECEM-EQ
SHREEJISPG,Shreeji Shipping Global Limited,BSE:SHREEJISPG-EQ
SHREEPUSHK,Shree Pushkar Chemicals & Fertilisers Limited,BSE:SHREEPUSHK-EQ
SHREERAMA,Shree Rama Multi-Tech Limited,BSE:SHREERAMA-EQ
SHREYANIND,Shreyans Industries Limited,BSE:SHREYANIND-EQ
SHRIKRISH,Shri Krishna Devcon Limited,BSE:SHRIKRISH-EQ
SHRINGARMS,Shringar House of Mangalsutra Limited,BSE:SHRINGARMS-EQ
SHRIPISTON,SPR Auto Technologies Limited,BSE:SHRIPISTON-EQ
SHRIRAMFIN,Shriram Finance Limited,BSE:SHRIRAMFIN-EQ
SHRIRAMPPS,Shriram Properties Limited,BSE:SHRIRAMPPS-EQ
SHRJAGP,Shri Jagdamba Polymers Limited,BSE:SHRJAGP-EQ
SHUKRAPHAR,Shukra Pharmaceuticals Limited,BSE:SHUKRAPHAR-EQ
SHYAMMETL,Shyam Metalics and Energy Limited,BSE:SHYAMMETL-EQ
SHYAMTEL,Shyam Telecom Limited,BSE:SHYAMTEL-EQ
SICAGEN,Sicagen India Limited,BSE:SICAGEN-EQ
SIEL,Superior Industrial Enterprises Limited,BSE:SIEL-EQ
SIEMENS,Siemens Limited,BSE:SIEMENS-EQ
SIGACHI,Sigachi Industries Limited,BSE:SIGACHI-EQ
SIGMA,Sigma Solve Limited,BSE:SIGMA-EQ
SIGNATURE,Signatureglobal (India) Limited,BSE:SIGNATURE-EQ
SIGNPOST,Signpost India Limited,BSE:SIGNPOST-EQ
SIKA,Sika Interplant Systems Limited,BSE:SIKA-EQ
SIL,Standard Industries Limited,BSE:SIL-EQ
SILGO,Silgo Retail Limited,BSE:SILGO-EQ
SILINV,SIL Investments Limited,BSE:SILINV-EQ
SILLYMONKS,Silly Monks Entertainment Limited,BSE:SILLYMONKS-EQ
SILVERTUC,Silver Touch Technologies Limited,BSE:SILVERTUC-EQ
SIMPLEXINF,Simplex Infrastructures Limited,BSE:SIMPLEXINF-EQ
SIMPLXREA,Simplex Realty Limited,BSE:SIMPLXREA-EQ
SINCLAIR,Sinclairs Hotels Limited,BSE:SINCLAIR-EQ
SINDHUTRAD,Sindhu Trade Links Limited,BSE:SINDHUTRAD-EQ
SINGERIND,Singer India Limited,BSE:SINGERIND-EQ
SINTERCOM,Sintercom India Limited,BSE:SINTERCOM-EQ
SIRCA,Sirca Paints India Limited,BSE:SIRCA-EQ
SIS,SIS LIMITED,BSE:SIS-EQ
SIYSIL,Siyaram Silk Mills Limited,BSE:SIYSIL-EQ
SJS,S.J.S. Enterprises Limited,BSE:SJS-EQ
SJVN,SJVN Limited,BSE:SJVN-EQ
SKFINDIA,SKF India Limited,BSE:SKFINDIA-EQ
SKFINDUS,SKF India (Industrial) Limited,BSE:SKFINDUS-EQ
SKIPPER,Skipper Limited,BSE:SKIPPER-EQ
SKMEGGPROD,SKM Egg Products Export (India) Limited,BSE:SKMEGGPROD-EQ
SKYGOLD,SKY GOLD AND DIAMONDS LIMITED,BSE:SKYGOLD-EQ
SKYWAYS,Skyways Air Services Limited,BSE:SKYWAYS-EQ
SMARTWORKS,Smartworks Coworking Spaces Limited,BSE:SMARTWORKS-EQ
SMCGLOBAL,SMC Global Securities Limited,BSE:SMCGLOBAL-EQ
SMLMAH,SML Mahindra Limited,BSE:SMLMAH-EQ
SMLT,Sarthak Metals Limited,BSE:SMLT-EQ
SMSPHARMA,SMS Pharmaceuticals Limited,BSE:SMSPHARMA-EQ
SNOWMAN,Snowman Logistics Limited,BSE:SNOWMAN-EQ
SOBHA,Sobha Limited,BSE:SOBHA-EQ
SOFTTECH,Softtech Engineers Limited,BSE:SOFTTECH-EQ
SOLARA,Solara Active Pharma Sciences Limited,BSE:SOLARA-EQ
SOLARINDS,Solar Industries India Limited,BSE:SOLARINDS-EQ
SOLARWORLD,Solarworld Energy Solutions Limited,BSE:SOLARWORLD-EQ
SOLEX,Solex Energy Limited,BSE:SOLEX-EQ
SOMANYCERA,Somany Ceramics Limited,BSE:SOMANYCERA-EQ
SOMATEX,Soma Textiles & Industries Limited,BSE:SOMATEX-EQ
SOMICONVEY,Somi Conveyor Beltings Limited,BSE:SOMICONVEY-EQ
SONACOMS,Sona BLW Precision Forgings Limited,BSE:SONACOMS-EQ
SONAL,Sonal Mercantile Limited,BSE:SONAL-EQ
SONATSOFTW,Sonata Software Limited,BSE:SONATSOFTW-EQ
SOTL,Savita Oil Technologies Limited,BSE:SOTL-EQ
SOUTHBANK,The South Indian Bank Limited,BSE:SOUTHBANK-EQ
SOUTHWEST,South West Pinnacle Exploration Limited,BSE:SOUTHWEST-EQ
SPAL,S. P. Apparels Limited,BSE:SPAL-EQ
SPANDANA,Spandana Sphoorty Financial Limited,BSE:SPANDANA-EQ
SPARC,Sun Pharma Advanced Research Company Limited,BSE:SPARC-EQ
SPCENET,Spacenet Enterprises India Limited,BSE:SPCENET-EQ
SPELS,SPEL Semiconductor Limited,BSE:SPELS-EQ
SPENCERS,Spencer's Retail Limited,BSE:SPENCERS-EQ
SPIC,Southern Petrochemicals Industries Corporation  Limited,BSE:SPIC-EQ
SPLIL,SPL Industries Limited,BSE:SPLIL-EQ
SPLPETRO,Supreme Petrochem Limited,BSE:SPLPETRO-EQ
SPMLINFRA,SPML Infra Limited,BSE:SPMLINFRA-EQ
SPORTKING,Sportking India Limited,BSE:SPORTKING-EQ
SRD,Shankar Lal Rampal Dye-Chem Limited,BSE:SRD-EQ
SREEL,Sreeleathers Limited,BSE:SREEL-EQ
SRF,SRF Limited,BSE:SRF-EQ
SRGHFL,SRG Housing Finance Limited,BSE:SRGHFL-EQ
SRHHYPOLTD,Sree Rayalaseema Hi-Strength Hypo Limited,BSE:SRHHYPOLTD-EQ
SRM,SRM Contractors Limited,BSE:SRM-EQ
SRTL,Shree Ram Twistex Limited,BSE:SRTL-EQ
SSDL,Saraswati Saree Depot Limited,BSE:SSDL-EQ
SSWL,Steel Strips Wheels Limited,BSE:SSWL-EQ
STANLEY,Stanley Lifestyles Limited,BSE:STANLEY-EQ
STAR,Strides Pharma Science Limited,BSE:STAR-EQ
STARCEMENT,Star Cement Limited,BSE:STARCEMENT-EQ
STARHEALTH,Star Health and Allied Insurance Company Limited,BSE:STARHEALTH-EQ
STARPAPER,Star Paper Mills Limited,BSE:STARPAPER-EQ
STARTECK,Starteck Finance Limited,BSE:STARTECK-EQ
STCINDIA,The State Trading Corporation of India Limited,BSE:STCINDIA-EQ
STEELCAS,Steelcast Limited,BSE:STEELCAS-EQ
STEELCITY,Steel City Securities Limited,BSE:STEELCITY-EQ
STEELXIND,STEEL EXCHANGE INDIA LIMITED,BSE:STEELXIND-EQ
STEL,Stel Holdings Limited,BSE:STEL-EQ
STLNETWORK,STL Networks Limited,BSE:STLNETWORK-EQ
STLSTRINF,Steel Strips Infrastructures Limited,BSE:STLSTRINF-EQ
STOVEKRAFT,Stove Kraft Limited,BSE:STOVEKRAFT-EQ
STUDDS,Studds Accessories Limited,BSE:STUDDS-EQ
STYL,Seshaasai Technologies Limited,BSE:STYL-EQ
STYLAMIND,Stylam Industries Limited,BSE:STYLAMIND-EQ
STYLEBAAZA,Baazar Style Retail Limited,BSE:STYLEBAAZA-EQ
STYRENIX,Styrenix Performance Materials Limited,BSE:STYRENIX-EQ
SUBEXLTD,Subex Limited,BSE:SUBEXLTD-EQ
SUBROS,Subros Limited,BSE:SUBROS-EQ
SUDARCOLOR,Sudarshan Colorants India Limited,BSE:SUDARCOLOR-EQ
SUDARSCHEM,Sudarshan Chemical Industries Limited,BSE:SUDARSCHEM-EQ
SUDEEPPHRM,Sudeep Pharma Limited,BSE:SUDEEPPHRM-EQ
SUKHJITS,Sukhjit Starch & Chemicals Limited,BSE:SUKHJITS-EQ
SULA,Sula Vineyards Limited,BSE:SULA-EQ
SUMEDHA,Sumedha Fiscal Services Limited,BSE:SUMEDHA-EQ
SUMEETINDS,Sumeet Industries Limited,BSE:SUMEETINDS-EQ
SUMICHEM,Sumitomo Chemical India Limited,BSE:SUMICHEM-EQ
SUMIT,Sumit Woods Limited,BSE:SUMIT-EQ
SUMMITSEC,Summit Securities Limited,BSE:SUMMITSEC-EQ
SUNCLAY,Sundaram Clayton Limited,BSE:SUNCLAY-EQ
SUNDARAM,Sundaram Multi Pap Limited,BSE:SUNDARAM-EQ
SUNDARMFIN,Sundaram Finance Limited,BSE:SUNDARMFIN-EQ
SUNDRMFAST,Sundram Fasteners Limited,BSE:SUNDRMFAST-EQ
SUNDROP,Sundrop Brands Limited,BSE:SUNDROP-EQ
SUNFLAG,Sunflag Iron And Steel Company Limited,BSE:SUNFLAG-EQ
SUNLOC,Sunil Healthcare Limited,BSE:SUNLOC-EQ
SUNPHARMA,Sun Pharmaceutical Industries Limited,BSE:SUNPHARMA-EQ
SUNRAKSHAK,Sunrakshakk Industries India Limited,BSE:SUNRAKSHAK-EQ
SUNSHIEL,Sunshield Chemicals Limited,BSE:SUNSHIEL-EQ
SUNSHINE,Sunshine Pictures Limited,BSE:SUNSHINE-EQ
SUNTECK,Sunteck Realty Limited,BSE:SUNTECK-EQ
SUNTV,Sun TV Network Limited,BSE:SUNTV-EQ
SUPERHOUSE,Superhouse Limited,BSE:SUPERHOUSE-EQ
SUPRAJIT,Suprajit Engineering Limited,BSE:SUPRAJIT-EQ
SUPREME,Supreme Holdings & Hospitality (India) Limited,BSE:SUPREME-EQ
SUPREMEIND,Supreme Industries Limited,BSE:SUPREMEIND-EQ
SUPREMEINF,Supreme Infrastructure India Limited,BSE:SUPREMEINF-EQ
SUPRIYA,Supriya Lifescience Limited,BSE:SUPRIYA-EQ
SURAJEST,Suraj Estate Developers Limited,BSE:SURAJEST-EQ
SURAJLTD,Suraj Limited,BSE:SURAJLTD-EQ
SURAKSHA,Suraksha Diagnostic Limited,BSE:SURAKSHA-EQ
SURANASOL,Surana Solar Limited,BSE:SURANASOL-EQ
SURANAT&P,Surana Telecom and Power Limited,BSE:SURANAT&P-EQ
SURYALA,Suryalata Spinning Mills Limited,BSE:SURYALA-EQ
SURYALAXMI,Suryalakshmi Cotton Mills Limited,BSE:SURYALAXMI-EQ
SURYAROSNI,Surya Roshni Limited,BSE:SURYAROSNI-EQ
SURYODAY,Suryoday Small Finance Bank Limited,BSE:SURYODAY-EQ
SUVEN,Suven Life Sciences Limited,BSE:SUVEN-EQ
SUVIDHAA,Suvidhaa Infoserve Limited,BSE:SUVIDHAA-EQ
SUYOG,Suyog Telematics Limited,BSE:SUYOG-EQ
SUZLON,Suzlon Energy Limited,BSE:SUZLON-EQ
SVGLOBAL,S V Global Mill Limited,BSE:SVGLOBAL-EQ
SVPGLOB,SVP GLOBAL TEXTILES LIMITED,BSE:SVPGLOB-EQ
SWANCORP,SWAN CORP LIMITED,BSE:SWANCORP-EQ
SWARAJENG,Swaraj Engines Limited,BSE:SWARAJENG-EQ
SWARNSAR,Swarnsarita Jewels India Limited,BSE:SWARNSAR-EQ
SWELECTES,Swelect Energy Systems Limited,BSE:SWELECTES-EQ
SWIGGY,Swiggy Limited,BSE:SWIGGY-EQ
SWSOLAR,Sterling and Wilson Renewable Energy Limited,BSE:SWSOLAR-EQ
SYMBIOTEC,Symbiotec Pharmalab Limited,BSE:SYMBIOTEC-EQ
SYMPHONY,Symphony Limited,BSE:SYMPHONY-EQ
SYNCOMF,Syncom Formulations (India) Limited,BSE:SYNCOMF-EQ
SYNGENE,Syngene International Limited,BSE:SYNGENE-EQ
SYRMA,Syrma SGS Technology Limited,BSE:SYRMA-EQ
TAALTECH,Taal Tech Limited,BSE:TAALTECH-EQ
TAINWALCHM,Tainwala Chemical and Plastic (I) Limited,BSE:TAINWALCHM-EQ
TAJGVK,Taj GVK Hotels & Resorts Limited,BSE:TAJGVK-EQ
TAKE,TAKE Limited,BSE:TAKE-EQ
TALBROAUTO,Talbros Automotive Components Limited,BSE:TALBROAUTO-EQ
TANAA,Taneja Aerospace & Aviation Limited,BSE:TANAA-EQ
TANLA,Tanla Platforms Limited,BSE:TANLA-EQ
TARACHAND,Tara Chand InfraLogistic Solutions Limited,BSE:TARACHAND-EQ
TARAPUR,Tarapur Transformers Limited,BSE:TARAPUR-EQ
TARC,TARC Limited,BSE:TARC-EQ
TARIL,Transformers And Rectifiers (India) Limited,BSE:TARIL-EQ
TARMAT,Tarmat Limited,BSE:TARMAT-EQ
TARSONS,Tarsons Products Limited,BSE:TARSONS-EQ
TASTYBITE,Tasty Bite Eatables Limited,BSE:TASTYBITE-EQ
TATACAP,Tata Capital Limited,BSE:TATACAP-EQ
TATACHEM,Tata Chemicals Limited,BSE:TATACHEM-EQ
TATACOMM,Tata Communications Limited,BSE:TATACOMM-EQ
TATACONSUM,TATA CONSUMER PRODUCTS LIMITED,BSE:TATACONSUM-EQ
TATAELXSI,Tata Elxsi Limited,BSE:TATAELXSI-EQ
TATAINVEST,Tata Investment Corporation Limited,BSE:TATAINVEST-EQ
TATAPOWER,Tata Power Company Limited,BSE:TATAPOWER-EQ
TATASTEEL,Tata Steel Limited,BSE:TATASTEEL-EQ
TATATECH,Tata Technologies Limited,BSE:TATATECH-EQ
TATVA,Tatva Chintan Pharma Chem Limited,BSE:TATVA-EQ
TBOTEK,TBO Tek Limited,BSE:TBOTEK-EQ
TBZ,Tribhovandas Bhimji Zaveri Limited,BSE:TBZ-EQ
TCC,TCC Concept Limited,BSE:TCC-EQ
TCI,Transport Corporation of India Limited,BSE:TCI-EQ
TCIEXP,TCI Express Limited,BSE:TCIEXP-EQ
TCPLPACK,TCPL Packaging Limited,BSE:TCPLPACK-EQ
TCS,Tata Consultancy Services Limited,BSE:TCS-EQ
TDPOWERSYS,TD Power Systems Limited,BSE:TDPOWERSYS-EQ
TEAMGTY,Team India Guaranty Limited,BSE:TEAMGTY-EQ
TEAMLEASE,Teamlease Services Limited,BSE:TEAMLEASE-EQ
TECHM,Tech Mahindra Limited,BSE:TECHM-EQ
TECHNOCRAF,Technocraft Ventures Limited,BSE:TECHNOCRAF-EQ
TECHNOE,Techno Electric & Engineering Company Limited,BSE:TECHNOE-EQ
TECHNVISN,TechNVision Ventures Limited,BSE:TECHNVISN-EQ
TECILCHEM,TECIL Chemicals and Hydro Power Limited,BSE:TECILCHEM-EQ
TEGA,Tega Industries Limited,BSE:TEGA-EQ
TEJASNET,Tejas Networks Limited,BSE:TEJASNET-EQ
TEMBO,Tembo Global Industries Limited,BSE:TEMBO-EQ
TEMPSENS,Tempsens Instruments (India) Limited,BSE:TEMPSENS-EQ
TENNIND,Tenneco Clean Air India Limited,BSE:TENNIND-EQ
TERAI,Terai Tea Company Limited,BSE:TERAI-EQ
TERASOFT,Tera Software Limited,BSE:TERASOFT-EQ
TEXINFRA,Texmaco Infrastructure & Holdings Limited,BSE:TEXINFRA-EQ
TEXMOPIPES,Texmo Pipes and Products Limited,BSE:TEXMOPIPES-EQ
TEXRAIL,Texmaco Rail & Engineering Limited,BSE:TEXRAIL-EQ
TFCILTD,Tourism Finance Corporation of India Limited,BSE:TFCILTD-EQ
TFL,Transwarranty Finance Limited,BSE:TFL-EQ
TGBHOTELS,TGB Banquets And Hotels Limited,BSE:TGBHOTELS-EQ
TGVSL,TGV Sraac Limited,BSE:TGVSL-EQ
THACKER,Thacker & Company Limited,BSE:THACKER-EQ
THAKDEV,Thakkers Developers Limited,BSE:THAKDEV-EQ
THANGAMAYL,Thangamayil Jewellery Limited,BSE:THANGAMAYL-EQ
THEINVEST,The Investment Trust Of India Limited,BSE:THEINVEST-EQ
THEJO,Thejo Engineering Limited,BSE:THEJO-EQ
THELEELA,Leela Palaces Hotels & Resorts Limited,BSE:THELEELA-EQ
THEMISMED,Themis Medicare Limited,BSE:THEMISMED-EQ
THERMAX,Thermax Limited,BSE:THERMAX-EQ
THOMASCOOK,Thomas Cook  (India)  Limited,BSE:THOMASCOOK-EQ
THOMASCOTT,Thomas Scott (India) Limited,BSE:THOMASCOTT-EQ
THYROCARE,Thyrocare Technologies Limited,BSE:THYROCARE-EQ
TI,Tilaknagar Industries Limited,BSE:TI-EQ
TIGERLOGS,Tiger Logistics (India) Limited,BSE:TIGERLOGS-EQ
TIIL,Technocraft Industries (India) Limited,BSE:TIIL-EQ
TIINDIA,Tube Investments of India Limited,BSE:TIINDIA-EQ
TIMETECHNO,Time Technoplast Limited,BSE:TIMETECHNO-EQ
TIMEX,Timex Group India Limited,BSE:TIMEX-EQ
TIMKEN,Timken India Limited,BSE:TIMKEN-EQ
TINNARUBR,Tinna Rubber and Infrastructure Limited,BSE:TINNARUBR-EQ
TIPSFILMS,Tips Films Limited,BSE:TIPSFILMS-EQ
TIPSMUSIC,Tips Music Limited,BSE:TIPSMUSIC-EQ
TIRUMALCHM,Thirumalai Chemicals Limited,BSE:TIRUMALCHM-EQ
TITAGARH,TITAGARH RAIL SYSTEMS LIMITED,BSE:TITAGARH-EQ
TITAN,Titan Company Limited,BSE:TITAN-EQ
TMB,Tamilnad Mercantile Bank Limited,BSE:TMB-EQ
TMCV,Tata Motors Limited,BSE:TMCV-EQ
TMPV,Tata Motors Passenger Vehicles Limited,BSE:TMPV-EQ
TNPETRO,Tamilnadu PetroProducts Limited,BSE:TNPETRO-EQ
TNPL,Tamil Nadu Newsprint & Papers Limited,BSE:TNPL-EQ
TNTELE,Tamilnadu Telecommunication Limited,BSE:TNTELE-EQ
TOKYOPLAST,Tokyo Plast International Limited,BSE:TOKYOPLAST-EQ
TOLINS,Tolins Tyres Limited,BSE:TOLINS-EQ
TORNTPHARM,Torrent Pharmaceuticals Limited,BSE:TORNTPHARM-EQ
TORNTPOWER,Torrent Power Limited,BSE:TORNTPOWER-EQ
TOTAL,Total Transport Systems Limited,BSE:TOTAL-EQ
TOUCHWOOD,Touchwood Entertainment Limited,BSE:TOUCHWOOD-EQ
TOYAMSL,Toyam Sports Limited,BSE:TOYAMSL-EQ
TPLPLASTEH,TPL Plastech Limited,BSE:TPLPLASTEH-EQ
TRACXN,Tracxn Technologies Limited,BSE:TRACXN-EQ
TRANSCOR,Transcorp International Limited,BSE:TRANSCOR-EQ
TRANSRAILL,Transrail Lighting Limited,BSE:TRANSRAILL-EQ
TRAVELFOOD,Travel Food Services Limited,BSE:TRAVELFOOD-EQ
TREEHOUSE,Tree House Education & Accessories Limited,BSE:TREEHOUSE-EQ
TREJHARA,TREJHARA SOLUTIONS LIMITED,BSE:TREJHARA-EQ
TREL,Transindia Real Estate Limited,BSE:TREL-EQ
TRENT,Trent Limited,BSE:TRENT-EQ
TRF,TRF Limited,BSE:TRF-EQ
TRIDENT,Trident Limited,BSE:TRIDENT-EQ
TRIGYN,Trigyn Technologies Limited,BSE:TRIGYN-EQ
TRITONV,Triton Valves Limited,BSE:TRITONV-EQ
TRITURBINE,Triveni Turbine Limited,BSE:TRITURBINE-EQ
TRIVENI,Triveni Engineering & Industries Limited,BSE:TRIVENI-EQ
TRU,TruCap Finance Limited,BSE:TRU-EQ
TRUALT,TruAlt Bioenergy Limited,BSE:TRUALT-EQ
TSFINV,TSF INVESTMENTS LIMITED,BSE:TSFINV-EQ
TTKHLTCARE,TTK Healthcare Limited,BSE:TTKHLTCARE-EQ
TTKPRESTIG,TTK Prestige Limited,BSE:TTKPRESTIG-EQ
TTL,T T Limited,BSE:TTL-EQ
TTML,Tata Teleservices (Maharashtra) Limited,BSE:TTML-EQ
TURTLEMINT,Turtlemint Fintech Solutions Limited,BSE:TURTLEMINT-EQ
TUTIALKA,Tuticorin Alkali Chemicals & Fertilizers Limited,BSE:TUTIALKA-EQ
TVSELECT,TVS Electronics Limited,BSE:TVSELECT-EQ
TVSHLTD,TVS Holdings Limited,BSE:TVSHLTD-EQ
TVSMOTOR,TVS Motor Company Limited,BSE:TVSMOTOR-EQ
TVSSCS,TVS Supply Chain Solutions Limited,BSE:TVSSCS-EQ
TVSSRICHAK,TVS Srichakra Limited,BSE:TVSSRICHAK-EQ
TVTODAY,TV Today Network Limited,BSE:TVTODAY-EQ
UBL,United Breweries Limited,BSE:UBL-EQ
UCOBANK,UCO Bank,BSE:UCOBANK-EQ
UDAYJEW,Uday Jewellery Industries Limited,BSE:UDAYJEW-EQ
UDS,Updater Services Limited,BSE:UDS-EQ
UEL,Ujaas Energy Limited,BSE:UEL-EQ
UFLEX,UFLEX Limited,BSE:UFLEX-EQ
UFO,UFO Moviez India Limited,BSE:UFO-EQ
UGARSUGAR,The Ugar Sugar Works Limited,BSE:UGARSUGAR-EQ
UGROCAP,Ugro Capital Limited,BSE:UGROCAP-EQ
UJJIVANSFB,Ujjivan Small Finance Bank Limited,BSE:UJJIVANSFB-EQ
ULTRACEMCO,UltraTech Cement Limited,BSE:ULTRACEMCO-EQ
ULTRAMAR,Ultramarine & Pigments Limited,BSE:ULTRAMAR-EQ
UMESLTD,Usha Martin Education & Solutions Limited,BSE:UMESLTD-EQ
UMIYA-MRO,UMIYA BUILDCON LIMITED,BSE:UMIYA-MRO-EQ
UNICHEMLAB,Unichem Laboratories Limited,BSE:UNICHEMLAB-EQ
UNIECOM,Unicommerce Esolutions Limited,BSE:UNIECOM-EQ
UNIENTER,Uniphos Enterprises Limited,BSE:UNIENTER-EQ
UNIINFO,Uniinfo Telecom Services Limited,BSE:UNIINFO-EQ
UNIMECH,Unimech Aerospace and Manufacturing Limited,BSE:UNIMECH-EQ
UNIONBANK,Union Bank of India,BSE:UNIONBANK-EQ
UNIPARTS,Uniparts India Limited,BSE:UNIPARTS-EQ
UNITDSPR,United Spirits Limited,BSE:UNITDSPR-EQ
UNITECH,Unitech Limited,BSE:UNITECH-EQ
UNITEDPOLY,United Polyfab Gujarat Limited,BSE:UNITEDPOLY-EQ
UNITEDTEA,The United Nilgiri Tea Estates Company Limited,BSE:UNITEDTEA-EQ
UNIVCABLES,Universal Cables Limited,BSE:UNIVCABLES-EQ
UNOMINDA,UNO Minda Limited,BSE:UNOMINDA-EQ
UPHOT,U P Hotels Limited,BSE:UPHOT-EQ
UPL,UPL Limited,BSE:UPL-EQ
URBANCO,Urban Company Limited,BSE:URBANCO-EQ
URJA,Urja Global Limited,BSE:URJA-EQ
USHAMART,Usha Martin Limited,BSE:USHAMART-EQ
USK,Udayshivakumar Infra Limited,BSE:USK-EQ
UTIAMC,UTI Asset Management Company Limited,BSE:UTIAMC-EQ
UTKARSHBNK,Utkarsh Small Finance Bank Limited,BSE:UTKARSHBNK-EQ
UTLSOLAR,Fujiyama Power Systems Limited,BSE:UTLSOLAR-EQ
UTTAMSUGAR,Uttam Sugar Mills Limited,BSE:UTTAMSUGAR-EQ
V2RETAIL,V2 Retail Limited,BSE:V2RETAIL-EQ
VADILALIND,Vadilal Industries Limited,BSE:VADILALIND-EQ
VADILENT,Vadilal Enterprises Limited,BSE:VADILENT-EQ
VAIBHAVGBL,Vaibhav Global Limited,BSE:VAIBHAVGBL-EQ
VAISHALI,Vaishali Pharma Limited,BSE:VAISHALI-EQ
VAKRANGEE,Vakrangee Limited,BSE:VAKRANGEE-EQ
VAML,Vedanta Aluminium Metal Limited,BSE:VAML-EQ
VARDMNPOLY,Vardhman Polytex Limited,BSE:VARDMNPOLY-EQ
VARROC,Varroc Engineering Limited,BSE:VARROC-EQ
VASCONEQ,Vascon Engineers Limited,BSE:VASCONEQ-EQ
VASUPRADA,Shri Vasuprada Plantations Limited,BSE:VASUPRADA-EQ
VASWANI,Vaswani Industries Limited,BSE:VASWANI-EQ
VBL,Varun Beverages Limited,BSE:VBL-EQ
VEDAVAAG,VEDAVAAG Systems Limited,BSE:VEDAVAAG-EQ
VEDL,Vedanta Limited,BSE:VEDL-EQ
VEDPOWER,Vedanta Power Limited,BSE:VEDPOWER-EQ
VEEDOL,Veedol Corporation Limited,BSE:VEEDOL-EQ
VENKEYS,Venky's (India) Limited,BSE:VENKEYS-EQ
VENTIVE,Ventive Hospitality Limited,BSE:VENTIVE-EQ
VENUSPIPES,Venus Pipes & Tubes Limited,BSE:VENUSPIPES-EQ
VERANDA,Veranda Learning Solutions Limited,BSE:VERANDA-EQ
VERTOZ,Vertoz Limited,BSE:VERTOZ-EQ
VESUVIUS,Vesuvius India Limited,BSE:VESUVIUS-EQ
VGCL,Vibrant Global Capital Limited,BSE:VGCL-EQ
VGL,VARVEE GLOBAL LIMITED,BSE:VGL-EQ
VGUARD,V-Guard Industries Limited,BSE:VGUARD-EQ
VHL,Vardhman Holdings Limited,BSE:VHL-EQ
VIDHIING,Vidhi Specialty Food Ingredients Limited,BSE:VIDHIING-EQ
VIDYAWIRES,Vidya Wires Limited,BSE:VIDYAWIRES-EQ
VIJAYA,Vijaya Diagnostic Centre Limited,BSE:VIJAYA-EQ
VIJSOLX,Vijay Solvex Limited,BSE:VIJSOLX-EQ
VIKASECO,Vikas EcoTech Limited,BSE:VIKASECO-EQ
VIKASLIFE,Vikas Lifecare Limited,BSE:VIKASLIFE-EQ
VIKRAMSOLR,Vikram Solar Limited,BSE:VIKRAMSOLR-EQ
VIKRAN,Vikran Engineering Limited,BSE:VIKRAN-EQ
VIMTALABS,Vimta Labs Limited,BSE:VIMTALABS-EQ
VINATIORGA,Vinati Organics Limited,BSE:VINATIORGA-EQ
VINCOFE,Vintage Coffee And Beverages Limited,BSE:VINCOFE-EQ
VINDHYATEL,Vindhya Telelinks Limited,BSE:VINDHYATEL-EQ
VINEETLAB,Vineet Laboratories Limited,BSE:VINEETLAB-EQ
VINNY,Vinny Overseas Limited,BSE:VINNY-EQ
VINYLINDIA,Vinyl Chemicals (India) Limited,BSE:VINYLINDIA-EQ
VIPCLOTHNG,VIP Clothing Limited,BSE:VIPCLOTHNG-EQ
VIPIND,VIP Industries Limited,BSE:VIPIND-EQ
VIRAT,Virat Industries Limited,BSE:VIRAT-EQ
VIRINCHI,Virinchi Limited,BSE:VIRINCHI-EQ
VISACHROME,VISA Chrome Limited,BSE:VISACHROME-EQ
VISAKAIND,Visaka Industries Limited,BSE:VISAKAIND-EQ
VISHAL,Vishal Fabrics Limited,BSE:VISHAL-EQ
VISHNU,Vishnu Chemicals Limited,BSE:VISHNU-EQ
VISHWARAJ,Vishwaraj Sugar Industries Limited,BSE:VISHWARAJ-EQ
VISL,Vedanta Iron and Steel Limited,BSE:VISL-EQ
VITAL,Vital Chemtech Limited,BSE:VITAL-EQ
VIVIANA,Viviana Power Tech Limited,BSE:VIVIANA-EQ
VIVIDHA,Visagar Polytex Limited,BSE:VIVIDHA-EQ
VIVOBIOT,Vivo Bio Tech Limited,BSE:VIVOBIOT-EQ
VIYASH,Viyash Scientific Limited,BSE:VIYASH-EQ
VLEGOV,VL E-Governance & IT Solutions Limited,BSE:VLEGOV-EQ
VLSFINANCE,VLS Finance Limited,BSE:VLSFINANCE-EQ
VMART,V-Mart Retail Limited,BSE:VMART-EQ
VMM,Vishal Mega Mart Limited,BSE:VMM-EQ
VMSTMT,VMS TMT Limited,BSE:VMSTMT-EQ
VOEPL,Virtuoso Optoelectronics Limited,BSE:VOEPL-EQ
VOGL,Vedanta Oil and Gas Limited,BSE:VOGL-EQ
VOITHPAPR,Voith Paper Fabrics India Limited,BSE:VOITHPAPR-EQ
VOLTAMP,Voltamp Transformers Limited,BSE:VOLTAMP-EQ
VOLTAS,Voltas Limited,BSE:VOLTAS-EQ
VPRPL,Vishnu Prakash R Punglia Limited,BSE:VPRPL-EQ
VRAJ,Vraj Iron and Steel Limited,BSE:VRAJ-EQ
VRLLOG,VRL Logistics Limited,BSE:VRLLOG-EQ
VSSL,Vardhman Special Steels Limited,BSE:VSSL-EQ
VSTIND,VST Industries Limited,BSE:VSTIND-EQ
VSTL,Vibhor Steel Tubes Limited,BSE:VSTL-EQ
VSTTILLERS,V.S.T Tillers Tractors Limited,BSE:VSTTILLERS-EQ
VTL,Vardhman Textiles Limited,BSE:VTL-EQ
VTMLTD,VTM Limited,BSE:VTMLTD-EQ
WAAREEENER,Waaree Energies Limited,BSE:WAAREEENER-EQ
WAAREEINDO,Indosolar Limited,BSE:WAAREEINDO-EQ
WAAREERTL,Waaree Renewable Technologies Limited,BSE:WAAREERTL-EQ
WABAG,VA Tech Wabag Limited,BSE:WABAG-EQ
WAKEFIT,Wakefit Innovations Limited,BSE:WAKEFIT-EQ
WALCHANNAG,Walchandnagar Industries Limited,BSE:WALCHANNAG-EQ
WANBURY,Wanbury Limited,BSE:WANBURY-EQ
WARDINMOBI,Wardwizard Innovations & Mobility Limited,BSE:WARDINMOBI-EQ
WATERBASE,Waterbase Limited,BSE:WATERBASE-EQ
WCIL,Western Carriers (India) Limited,BSE:WCIL-EQ
WEALTH,Wealth First Portfolio Managers Limited,BSE:WEALTH-EQ
WEBELSOLAR,Websol Energy System Limited,BSE:WEBELSOLAR-EQ
WEIZMANIND,Weizmann Limited,BSE:WEIZMANIND-EQ
WEL,Wonder Electricals Limited,BSE:WEL-EQ
WELCORP,Welspun Corp Limited,BSE:WELCORP-EQ
WELENT,Welspun Enterprises Limited,BSE:WELENT-EQ
WELSPLSOL,Welspun Specialty Solutions Limited,BSE:WELSPLSOL-EQ
WELSPUNLIV,Welspun Living Limited,BSE:WELSPUNLIV-EQ
WENDT,Wendt (India) Limited,BSE:WENDT-EQ
WESTLIFE,WESTLIFE FOODWORLD LIMITED,BSE:WESTLIFE-EQ
WEWIN,WE WIN LIMITED,BSE:WEWIN-EQ
WEWORK,WeWork India Management Limited,BSE:WEWORK-EQ
WHBRADY,WH Brady & Company Limited,BSE:WHBRADY-EQ
WHEELS,Wheels India Limited,BSE:WHEELS-EQ
WHIRLPOOL,Whirlpool of India Limited,BSE:WHIRLPOOL-EQ
WILLAMAGOR,Williamson Magor & Company Limited,BSE:WILLAMAGOR-EQ
WINDLAS,Windlas Biotech Limited,BSE:WINDLAS-EQ
WINDMACHIN,Windsor Machines Limited,BSE:WINDMACHIN-EQ
WIPL,The Western India Plywoods Limited,BSE:WIPL-EQ
WIPRO,Wipro Limited,BSE:WIPRO-EQ
WOCKPHARMA,Wockhardt Limited,BSE:WOCKPHARMA-EQ
WONDERLA,Wonderla Holidays Limited,BSE:WONDERLA-EQ
WORTHPERI,Worth Peripherals Limited,BSE:WORTHPERI-EQ
WPIL,WPIL Limited,BSE:WPIL-EQ
WSI,W S Industries (I) Limited,BSE:WSI-EQ
WSTCSTPAPR,West Coast Paper Mills Limited,BSE:WSTCSTPAPR-EQ
XCHANGING,Xchanging Solutions Limited,BSE:XCHANGING-EQ
XELPMOC,Xelpmoc Design And Tech Limited,BSE:XELPMOC-EQ
XPROINDIA,Xpro India Limited,BSE:XPROINDIA-EQ
XTGLOBAL,Xtglobal Infotech Limited,BSE:XTGLOBAL-EQ
XTRANET,Xtranet Technologies Limited,BSE:XTRANET-EQ
YASHO,Yasho Industries Limited,BSE:YASHO-EQ
YATHARTH,Yatharth Hospital & Trauma Care Services Limited,BSE:YATHARTH-EQ
YATRA,Yatra Online Limited,BSE:YATRA-EQ
YESBANK,Yes Bank Limited,BSE:YESBANK-EQ
YOGI,Yogi Limited,BSE:YOGI-EQ
YUKEN,Yuken India Limited,BSE:YUKEN-EQ
ZAGGLE,Zaggle Prepaid Ocean Services Limited,BSE:ZAGGLE-EQ
ZEEL,Zee Entertainment Enterprises Limited,BSE:ZEEL-EQ
ZEEMEDIA,Zee Media Corporation Limited,BSE:ZEEMEDIA-EQ
ZENITHEXPO,Zenith Exports Limited,BSE:ZENITHEXPO-EQ
ZENITHSTL,Zenith Steel Pipes & Industries Limited,BSE:ZENITHSTL-EQ
ZENSARTECH,Zensar Technologies Limited,BSE:ZENSARTECH-EQ
ZENTEC,Zen Technologies Limited,BSE:ZENTEC-EQ
ZFCVINDIA,ZF Commercial Vehicle Control Systems India Limited,BSE:ZFCVINDIA-EQ
ZFSTEERING,ZF Steering Gear (India) Limited,BSE:ZFSTEERING-EQ
ZIMLAB,Zim Laboratories Limited,BSE:ZIMLAB-EQ
ZODIAC,Zodiac Energy Limited,BSE:ZODIAC-EQ
ZODIACLOTH,Zodiac Clothing Company Limited,BSE:ZODIACLOTH-EQ
ZOTA,Zota Health Care LImited,BSE:ZOTA-EQ
ZSARACOM,Saraswati Commercial India Limited,BSE:ZSARACOM-EQ
ZUARI,Zuari Agro Chemicals Limited,BSE:ZUARI-EQ
ZUARIIND,ZUARI INDUSTRIES LIMITED,BSE:ZUARIIND-EQ
ZYDUSLIFE,Zydus Lifesciences Limited,BSE:ZYDUSLIFE-EQ
ZYDUSWELL,Zydus Wellness Limited,BSE:ZYDUSWELL-EQ
