symbol,name,fyers_symbol
20MICRONS,20 Microns Limited,NSE:20MICRONS-EQ
21STCENMGM,21st Century Management Services Limited,NSE:21STCENMGM-EQ
360ONE,360 ONE WAM LIMITED,NSE:360ONE-EQ
3BBLACKBIO,3B Blackbio Dx Limited,NSE:3BBLACKBIO-EQ
3MINDIA,3M India Limited,NSE:3MINDIA-EQ
3PLAND,3P Land Holdings Limited,NSE:3PLAND-EQ
5PAISA,5Paisa Capital Limited,NSE:5PAISA-EQ
63MOONS,63 moons technologies limited,NSE:63MOONS-EQ
A2ZINFRA,A2Z Infra Engineering Limited,NSE:A2ZINFRA-EQ
AAATECH,AAA Technologies Limited,NSE:AAATECH-EQ
AADHARHFC,Aadhar Housing Finance Limited,NSE:AADHARHFC-EQ
AAKASH,Aakash Exploration Services Limited,NSE:AAKASH-EQ
AAREYDRUGS,Aarey Drugs & Pharmaceuticals Limited,NSE:AAREYDRUGS-EQ
AARON,Aaron Industries Limited,NSE:AARON-EQ
AARTIDRUGS,Aarti Drugs Limited,NSE:AARTIDRUGS-EQ
AARTIIND,Aarti Industries Limited,NSE:AARTIIND-EQ
AARTIPHARM,Aarti Pharmalabs Limited,NSE:AARTIPHARM-EQ
AARVI,Aarvi Encon Limited,NSE:AARVI-EQ
AASTHA,Aastha Spintex Limited,NSE:AASTHA-EQ
AAVAS,Aavas Financiers Limited,NSE:AAVAS-EQ
ABANSENT,Abans Enterprises Limited,NSE:ABANSENT-EQ
ABB,ABB India Limited,NSE:ABB-EQ
ABBOTINDIA,Abbott India Limited,NSE:ABBOTINDIA-EQ
ABCAPITAL,Aditya Birla Capital Limited,NSE:ABCAPITAL-EQ
ABCOTS,A B Cotspin India Limited,NSE:ABCOTS-EQ
ABDL,Allied Blenders and Distillers Limited,NSE:ABDL-EQ
ABFRL,Aditya Birla Fashion and Retail Limited,NSE:ABFRL-EQ
ABLBL,Aditya Birla Lifestyle Brands Limited,NSE:ABLBL-EQ
ABMKNO,ABM Knowledgeware Limited,NSE:ABMKNO-EQ
ABREL,Aditya Birla Real Estate Limited,NSE:ABREL-EQ
ABSLAMC,Aditya Birla Sun Life AMC Limited,NSE:ABSLAMC-EQ
ACC,ACC Limited,NSE:ACC-EQ
ACCELYA,Accelya Solutions India Limited,NSE:ACCELYA-EQ
ACE,Action Construction Equipment Limited,NSE:ACE-EQ
ACEINTEG,Ace Integrated Solutions Limited,NSE:ACEINTEG-EQ
ACGL,Automobile Corporation of Goa Limited,NSE:ACGL-EQ
ACI,Archean Chemical Industries Limited,NSE:ACI-EQ
ACL,Andhra Cements Limited,NSE:ACL-EQ
ACMESOLAR,Acme Solar Holdings Limited,NSE:ACMESOLAR-EQ
ACUTAAS,Acutaas Chemicals Limited,NSE:ACUTAAS-EQ
ADANIENSOL,Adani Energy Solutions Limited,NSE:ADANIENSOL-EQ
ADANIENT,Adani Enterprises Limited,NSE:ADANIENT-EQ
ADANIGREEN,Adani Green Energy Limited,NSE:ADANIGREEN-EQ
ADANIPORTS,Adani Ports and Special Economic Zone Limited,NSE:ADANIPORTS-EQ
ADANIPOWER,Adani Power Limited,NSE:ADANIPOWER-EQ
ADDIND,Addi Industries Limited,NSE:ADDIND-EQ
ADFFOODS,ADF Foods Limited,NSE:ADFFOODS-EQ
ADL,Archidply Decor Limited,NSE:ADL-EQ
ADOR,Ador Welding Limited,NSE:ADOR-EQ
ADROITINFO,Adroit Infotech Limited,NSE:ADROITINFO-EQ
ADSL,Allied Digital Services Limited,NSE:ADSL-EQ
ADVAIT,Advait Energy Transitions Limited,NSE:ADVAIT-EQ
ADVANCE,Advance Agrolife Limited,NSE:ADVANCE-EQ
ADVANIHOTR,Advani Hotels & Resorts (India) Limited,NSE:ADVANIHOTR-EQ
ADVENTHTL,Advent Hotels International Limited,NSE:ADVENTHTL-EQ
ADVENZYMES,Advanced Enzyme Technologies Limited,NSE:ADVENZYMES-EQ
ADVIKCA,Advik Capital Limited,NSE:ADVIKCA-EQ
AEGISLOG,Aegis Logistics Limited,NSE:AEGISLOG-EQ
AEGISVOPAK,Aegis Vopak Terminals Limited,NSE:AEGISVOPAK-EQ
AEPL,Artemis Electricals and Projects Limited,NSE:AEPL-EQ
AEQUS,Aequs Limited,NSE:AEQUS-EQ
AEROENTER,Aeroflex Enterprises Limited,NSE:AEROENTER-EQ
AEROFLEX,Aeroflex Industries Limited,NSE:AEROFLEX-EQ
AERONEU,Aeroflex Neu Limited,NSE:AERONEU-EQ
AEROPLANE,Amir Chand Jagdish Kumar (Exports) Limited,NSE:AEROPLANE-EQ
AETHER,Aether Industries Limited,NSE:AETHER-EQ
AFCONS,Afcons Infrastructure Limited,NSE:AFCONS-EQ
AFFLE,Affle 3i Limited,NSE:AFFLE-EQ
AFFORDABLE,Affordable Robotic & Automation Limited,NSE:AFFORDABLE-EQ
AFIL,Akme Fintrade (India) Limited,NSE:AFIL-EQ
AFSL,Abans Financial Services Limited,NSE:AFSL-EQ
AGARIND,Agarwal Industrial Corporation Limited,NSE:AGARIND-EQ
AGARWALEYE,Dr. Agarwal's Health Care Limited,NSE:AGARWALEYE-EQ
AGI,AGI Greenpac Limited,NSE:AGI-EQ
AGIIL,Agi Infra Limited,NSE:AGIIL-EQ
AGL,Allcargo Global Limited,NSE:AGL-EQ
AGRITECH,Agri-Tech (India) Limited,NSE:AGRITECH-EQ
AGROPHOS,Agro Phos India Limited,NSE:AGROPHOS-EQ
AHCL,Anlon Healthcare Limited,NSE:AHCL-EQ
AHLADA,Ahlada Engineers Limited,NSE:AHLADA-EQ
AHLEAST,Asian Hotels (East) Limited,NSE:AHLEAST-EQ
AHLUCONT,Ahluwalia Contracts (India) Limited,NSE:AHLUCONT-EQ
AIAENG,AIA Engineering Limited,NSE:AIAENG-EQ
AIIL,Authum Investment & Infrastructure Limited,NSE:AIIL-EQ
AIRAN,Airan Limited,NSE:AIRAN-EQ
AIROLAM,Airo Lam limited,NSE:AIROLAM-EQ
AJANTPHARM,Ajanta Pharma Limited,NSE:AJANTPHARM-EQ
AJAXENGG,Ajax Engineering Limited,NSE:AJAXENGG-EQ
AJMERA,Ajmera Realty & Infra India Limited,NSE:AJMERA-EQ
AJOONI,Ajooni Biotech Limited,NSE:AJOONI-EQ
AKASH,Akash Infra-Projects Limited,NSE:AKASH-EQ
AKCAPIT,AK Capital Services Limited,NSE:AKCAPIT-EQ
AKG,Akg Exim Limited,NSE:AKG-EQ
AKI,AKI India Limited,NSE:AKI-EQ
AKSHAR,Akshar Spintex Limited,NSE:AKSHAR-EQ
AKUMS,Akums Drugs and Pharmaceuticals Limited,NSE:AKUMS-EQ
ALANKIT,Alankit Limited,NSE:ALANKIT-EQ
ALBERTDAVD,Albert David Limited,NSE:ALBERTDAVD-EQ
ALEMBICLTD,Alembic Limited,NSE:ALEMBICLTD-EQ
ALFREDHE,Alfred Herbert India Limited,NSE:ALFREDHE-EQ
ALGOQUANT,Algoquant Fintech Limited,NSE:ALGOQUANT-EQ
ALICON,Alicon Castalloy Limited,NSE:ALICON-EQ
ALIVUS,Alivus Life Sciences Limited,NSE:ALIVUS-EQ
ALKALI,Alkali Metals Limited,NSE:ALKALI-EQ
ALKEM,Alkem Laboratories Limited,NSE:ALKEM-EQ
ALKYLAMINE,Alkyl Amines Chemicals Limited,NSE:ALKYLAMINE-EQ
ALLCARGO,Allcargo Logistics Limited,NSE:ALLCARGO-EQ
ALLDIGI,Alldigi Tech Limited,NSE:ALLDIGI-EQ
ALLTIME,All Time Plastics Limited,NSE:ALLTIME-EQ
ALMONDZ,Almondz Global Securities Limited,NSE:ALMONDZ-EQ
ALOKINDS,Alok Industries Limited,NSE:ALOKINDS-EQ
ALPA,Alpa Laboratories Limited,NSE:ALPA-EQ
ALPINETEX,Alpine Texworld Limited,NSE:ALPINETEX-EQ
ALUFLUOR,Alufluoride Limited,NSE:ALUFLUOR-EQ
AMAGI,Amagi Media Labs Limited,NSE:AMAGI-EQ
AMAL,Amal Limited,NSE:AMAL-EQ
AMARJOTHI,Amarjothi Spinning Mills Limited,NSE:AMARJOTHI-EQ
AMBER,Amber Enterprises India Limited,NSE:AMBER-EQ
AMBICAAGAR,Ambica Agarbathies & Aroma industries Limited,NSE:AMBICAAGAR-EQ
AMBIKCO,Ambika Cotton Mills Limited,NSE:AMBIKCO-EQ
AMBUJACEM,Ambuja Cements Limited,NSE:AMBUJACEM-EQ
AMDIND,AMD Industries Limited,NSE:AMDIND-EQ
AMJLAND,Amj Land Holdings Limited,NSE:AMJLAND-EQ
AMNPLST,Amines & Plasticizers Limited,NSE:AMNPLST-EQ
AMRUTANJAN,Amrutanjan Health Care Limited,NSE:AMRUTANJAN-EQ
ANANDRATHI,Anand Rathi Wealth Limited,NSE:ANANDRATHI-EQ
ANANTRAJ,Anant Raj Limited,NSE:ANANTRAJ-EQ
ANDHRAPAP,ANDHRA PAPER LIMITED,NSE:ANDHRAPAP-EQ
ANDHRSUGAR,The Andhra Sugars Limited,NSE:ANDHRSUGAR-EQ
ANDREWYU,Andrew Yule & Company Limited,NSE:ANDREWYU-EQ
ANGELONE,Angel One Limited,NSE:ANGELONE-EQ
ANIKINDS,Anik Industries Limited,NSE:ANIKINDS-EQ
ANMOL,Anmol India Limited,NSE:ANMOL-EQ
ANNAPURNA,Annapurna Swadisht Limited,NSE:ANNAPURNA-EQ
ANSALBU,Ansal Buildwell Limited,NSE:ANSALBU-EQ
ANTELOPUS,Antelopus Selan Energy Limited,NSE:ANTELOPUS-EQ
ANTGRAPHIC,Antarctica Limited,NSE:ANTGRAPHIC-EQ
ANTHEM,Anthem Biosciences Limited,NSE:ANTHEM-EQ
ANUHPHR,Anuh Pharma Limited,NSE:ANUHPHR-EQ
ANUP,The Anup Engineering Limited,NSE:ANUP-EQ
ANURAS,Anupam Rasayan India Limited,NSE:ANURAS-EQ
APARINDS,Apar Industries Limited,NSE:APARINDS-EQ
APCL,Anjani Portland Cement Limited,NSE:APCL-EQ
APCOTEXIND,Apcotex Industries Limited,NSE:APCOTEXIND-EQ
APEX,Apex Frozen Foods Limited,NSE:APEX-EQ
APLAPOLLO,APL Apollo Tubes Limited,NSE:APLAPOLLO-EQ
APLLTD,Alembic Pharmaceuticals Limited,NSE:APLLTD-EQ
APOLLO,Apollo Micro Systems Limited,NSE:APOLLO-EQ
APOLLOHOSP,Apollo Hospitals Enterprise Limited,NSE:APOLLOHOSP-EQ
APOLLOPIPE,Apollo Pipes Limited,NSE:APOLLOPIPE-EQ
APOLLOTYRE,Apollo Tyres Limited,NSE:APOLLOTYRE-EQ
APOLSINHOT,Apollo Sindoori Hotels Limited,NSE:APOLSINHOT-EQ
APOORVA,Apoorva Leasing Finance and Investment Company Limited,NSE:APOORVA-EQ
APTUS,Aptus Value Housing Finance India Limited,NSE:APTUS-EQ
AQYLON,Aqylon Nexus Limited,NSE:AQYLON-EQ
ARCHIDPLY,Archidply Industries Limited,NSE:ARCHIDPLY-EQ
ARCHIES,Archies Limited,NSE:ARCHIES-EQ
ARCL,ARCL Organics Limited,NSE:ARCL-EQ
ARDEE,Ardee Industries Limited,NSE:ARDEE-EQ
ARE&M,Amara Raja Energy & Mobility Limited,NSE:ARE&M-EQ
ARENTERP,Rajdarshan Industries Limited,NSE:ARENTERP-EQ
ARFIN,Arfin India Limited,NSE:ARFIN-EQ
ARIHANT,Arihant Foundations & Housing Limited,NSE:ARIHANT-EQ
ARIHANTCAP,Arihant Capital Markets Limited,NSE:ARIHANTCAP-EQ
ARIHANTSUP,Arihant Superstructures Limited,NSE:ARIHANTSUP-EQ
ARIS,Arisinfra Solutions Limited,NSE:ARIS-EQ
ARKADE,Arkade Developers Limited,NSE:ARKADE-EQ
ARMANFIN,Arman Financial Services Limited,NSE:ARMANFIN-EQ
AROGRANITE,Aro Granite Industries Limited,NSE:AROGRANITE-EQ
ARSSBL,Anand Rathi Share and Stock Brokers Limited,NSE:ARSSBL-EQ
ARTEMISMED,Artemis Medicare Services Limited,NSE:ARTEMISMED-EQ
ARTNIRMAN,Art Nirman Limited,NSE:ARTNIRMAN-EQ
ARVEE,Arvee Laboratories (India) Limited,NSE:ARVEE-EQ
ARVIND,Arvind Limited,NSE:ARVIND-EQ
ARVINDFASN,Arvind Fashions Limited,NSE:ARVINDFASN-EQ
ARVSMART,Arvind SmartSpaces Limited,NSE:ARVSMART-EQ
ARYAMAN,Aryaman Financial Services Limited,NSE:ARYAMAN-EQ
ASAHIINDIA,Asahi India Glass Limited,NSE:ASAHIINDIA-EQ
ASAL,Automotive Stampings and Assemblies Limited,NSE:ASAL-EQ
ASALCBR,Associated Alcohols & Breweries Ltd.,NSE:ASALCBR-EQ
ASHAPURMIN,Ashapura Minechem Limited,NSE:ASHAPURMIN-EQ
ASHIANA,Ashiana Housing Limited,NSE:ASHIANA-EQ
ASHIMASYN,Ashima Limited,NSE:ASHIMASYN-EQ
ASHOKA,Ashoka Buildcon Limited,NSE:ASHOKA-EQ
ASHOKAMET,Ashoka Metcast Limited,NSE:ASHOKAMET-EQ
ASHOKLEY,Ashok Leyland Limited,NSE:ASHOKLEY-EQ
ASIANENE,Asian Energy Services Limited,NSE:ASIANENE-EQ
ASIANHOTNR,Asian Hotels (North) Limited,NSE:ASIANHOTNR-EQ
ASIANPAINT,Asian Paints Limited,NSE:ASIANPAINT-EQ
ASIANTILES,Asian Granito India Limited,NSE:ASIANTILES-EQ
ASIANTNE,Asian Tea & Exports Limited,NSE:ASIANTNE-EQ
ASKAUTOLTD,ASK Automotive Limited,NSE:ASKAUTOLTD-EQ
ASPINWALL,Aspinwall and Company Limited,NSE:ASPINWALL-EQ
ASSAMENT,Assam Entrade Limited,NSE:ASSAMENT-EQ
ASTAR,Asian Star Company Limited,NSE:ASTAR-EQ
ASTEC,Astec LifeSciences Limited,NSE:ASTEC-EQ
ASTERDM,Aster DM Quality Care Limited,NSE:ASTERDM-EQ
ASTRAL,Astral Limited,NSE:ASTRAL-EQ
ASTRAMICRO,Astra Microwave Products Limited,NSE:ASTRAMICRO-EQ
ASTRAZEN,AstraZeneca Pharma India Limited,NSE:ASTRAZEN-EQ
ATALREAL,Atal Realtech Limited,NSE:ATALREAL-EQ
ATAM,Atam Valves Limited,NSE:ATAM-EQ
ATGL,Adani Total Gas Limited,NSE:ATGL-EQ
ATHERENERG,Ather Energy Limited,NSE:ATHERENERG-EQ
ATL,Allcargo Terminals Limited,NSE:ATL-EQ
ATLANTAA,ATLANTAA LIMITED,NSE:ATLANTAA-EQ
ATLANTAELE,Atlanta Electricals Limited,NSE:ATLANTAELE-EQ
ATLASCYCLE,Atlas Cycles (Haryana) Limited,NSE:ATLASCYCLE-EQ
ATUL,Atul Limited,NSE:ATUL-EQ
ATULAUTO,Atul Auto Limited,NSE:ATULAUTO-EQ
AUBANK,AU Small Finance Bank Limited,NSE:AUBANK-EQ
AUGMONT,Augmont Enterprises Limited,NSE:AUGMONT-EQ
AURIONPRO,Aurionpro Solutions Limited,NSE:AURIONPRO-EQ
AUROPHARMA,Aurobindo Pharma Limited,NSE:AUROPHARMA-EQ
AURUM,Aurum PropTech Limited,NSE:AURUM-EQ
AURUS,AURUS GEM CORPORATION LIMITED,NSE:AURUS-EQ
AUSOMENT,Ausom Enterprise Limited,NSE:AUSOMENT-EQ
AUSTENG,Austin Engineering Company  Limited,NSE:AUSTENG-EQ
AUTOAXLES,Automotive Axles Limited,NSE:AUTOAXLES-EQ
AUTOIND,Autoline Industries Limited,NSE:AUTOIND-EQ
AVADHSUGAR,Avadh Sugar & Energy Limited,NSE:AVADHSUGAR-EQ
AVALON,Avalon Technologies Limited,NSE:AVALON-EQ
AVANCE,Avance Technologies Limited,NSE:AVANCE-EQ
AVANTEL,Avantel Limited,NSE:AVANTEL-EQ
AVANTIFEED,Avanti Feeds Limited,NSE:AVANTIFEED-EQ
AVL,Aditya Vision Limited,NSE:AVL-EQ
AVONMORE,Avonmore Capital & Management Services Limited,NSE:AVONMORE-EQ
AVROIND,AVRO INDIA LIMITED,NSE:AVROIND-EQ
AVTNPL,AVT Natural Products Limited,NSE:AVTNPL-EQ
AWFIS,Awfis Space Solutions Limited,NSE:AWFIS-EQ
AWHCL,Antony Waste Handling Cell Limited,NSE:AWHCL-EQ
AWL,AWL Agri Business Limited,NSE:AWL-EQ
AXISBANK,Axis Bank Limited,NSE:AXISBANK-EQ
AXISCADES,AXISCADES Technologies Limited,NSE:AXISCADES-EQ
AXITA,Axita Cotton Limited,NSE:AXITA-EQ
AXTEL,Axtel Industries Limited,NSE:AXTEL-EQ
AYE,Aye Finance Limited,NSE:AYE-EQ
AYMSYNTEX,AYM Syntex Limited,NSE:AYMSYNTEX-EQ
AZAD,Azad Engineering Limited,NSE:AZAD-EQ
AZADIND,Azad India Mobility Limited,NSE:AZADIND-EQ
BAGFILMS,B.A.G Films and Media Limited,NSE:BAGFILMS-EQ
BAIDFIN,Baid Finserv Limited,NSE:BAIDFIN-EQ
BAJAJ-AUTO,Bajaj Auto Limited,NSE:BAJAJ-AUTO-EQ
BAJAJCON,Bajaj Consumer Care Limited,NSE:BAJAJCON-EQ
BAJAJELEC,Bajaj Electricals Limited,NSE:BAJAJELEC-EQ
BAJAJFINSV,Bajaj Finserv Limited,NSE:BAJAJFINSV-EQ
BAJAJHCARE,Bajaj Healthcare Limited,NSE:BAJAJHCARE-EQ
BAJAJHFL,Bajaj Housing Finance Limited,NSE:BAJAJHFL-EQ
BAJAJHIND,Bajaj Hindusthan Sugar Limited,NSE:BAJAJHIND-EQ
BAJAJHLDNG,Bajaj Holdings & Investment Limited,NSE:BAJAJHLDNG-EQ
BAJAJINDEF,Indef Manufacturing Limited,NSE:BAJAJINDEF-EQ
BAJAJST,Bajaj Steel Industries Limited,NSE:BAJAJST-EQ
BAJEL,Bajel Projects Limited,NSE:BAJEL-EQ
BAJFINANCE,Bajaj Finance Limited,NSE:BAJFINANCE-EQ
BALAJEE,Shree Tirupati Balajee Agro Trading Company Limited,NSE:BALAJEE-EQ
BALAJITELE,Balaji Telefilms Limited,NSE:BALAJITELE-EQ
BALAMINES,Balaji Amines Limited,NSE:BALAMINES-EQ
BALAXI,BALAXI PHARMACEUTICALS LIMITED,NSE:BALAXI-EQ
BALKRISHNA,Balkrishna Paper Mills Limited,NSE:BALKRISHNA-EQ
BALKRISIND,Balkrishna Industries Limited,NSE:BALKRISIND-EQ
BALMLAWRIE,Balmer Lawrie & Company Limited,NSE:BALMLAWRIE-EQ
BALPHARMA,Bal Pharma Limited,NSE:BALPHARMA-EQ
BALRAMCHIN,Balrampur Chini Mills Limited,NSE:BALRAMCHIN-EQ
BALUFORGE,Balu Forge Industries Limited,NSE:BALUFORGE-EQ
BANARBEADS,Banaras Beads Limited,NSE:BANARBEADS-EQ
BANARISUG,Bannari Amman Sugars Limited,NSE:BANARISUG-EQ
BANCOINDIA,Banco Products (I) Limited,NSE:BANCOINDIA-EQ
BANDHANBNK,Bandhan Bank Limited,NSE:BANDHANBNK-EQ
BANG,Bang Overseas Limited,NSE:BANG-EQ
BANKA,Banka BioLoo Limited,NSE:BANKA-EQ
BANKBARODA,Bank of Baroda,NSE:BANKBARODA-EQ
BANKINDIA,Bank of India,NSE:BANKINDIA-EQ
BANSALWIRE,Bansal Wire Industries Limited,NSE:BANSALWIRE-EQ
BANSWRAS,Banswara Syntex Limited,NSE:BANSWRAS-EQ
BASF,BASF India Limited,NSE:BASF-EQ
BATAINDIA,Bata India Limited,NSE:BATAINDIA-EQ
BATLIBOI,Batliboi Limited,NSE:BATLIBOI-EQ
BAYERCROP,Bayer Cropscience Limited,NSE:BAYERCROP-EQ
BBL,Bharat Bijlee Limited,NSE:BBL-EQ
BBOX,Black Box Limited,NSE:BBOX-EQ
BBTC,The Bombay Burmah Trading Corporation Limited,NSE:BBTC-EQ
BBTCL,B&B Triplewall Containers Limited,NSE:BBTCL-EQ
BCG,Brightcom Group Limited,NSE:BCG-EQ
BCLIND,Bcl Industries Limited,NSE:BCLIND-EQ
BCONCEPTS,Brand Concepts Limited,NSE:BCONCEPTS-EQ
BCPL,BCPL Railway Infrastructure Limited,NSE:BCPL-EQ
BDL,Bharat Dynamics Limited,NSE:BDL-EQ
BEARDSELL,Beardsell Limited,NSE:BEARDSELL-EQ
BECTORFOOD,Mrs. Bectors Food Specialities Limited,NSE:BECTORFOOD-EQ
BEDMUTHA,Bedmutha Industries Limited,NSE:BEDMUTHA-EQ
BEEKAY,Beekay Steel Industries Limited,NSE:BEEKAY-EQ
BEL,Bharat Electronics Limited,NSE:BEL-EQ
BELLACASA,Bella Casa Fashion & Retail Limited,NSE:BELLACASA-EQ
BELRISE,Belrise Industries Limited,NSE:BELRISE-EQ
BEML,BEML Limited,NSE:BEML-EQ
BENARAS,Benares Hotels Limited,NSE:BENARAS-EQ
BENGALASM,Bengal & Assam Company Limited,NSE:BENGALASM-EQ
BEPL,Bhansali Engineering Polymers Limited,NSE:BEPL-EQ
BERGEPAINT,Berger Paints (I) Limited,NSE:BERGEPAINT-EQ
BESTAGRO,Best Agrolife Limited,NSE:BESTAGRO-EQ
BETA,Beta Drugs Limited,NSE:BETA-EQ
BFINVEST,BF Investment Limited,NSE:BFINVEST-EQ
BFUTILITIE,BF Utilities Limited,NSE:BFUTILITIE-EQ
BHAGCHEM,Bhagiradha Chemicals & Industries Limited,NSE:BHAGCHEM-EQ
BHAGYANGR,Bhagyanagar India Limited,NSE:BHAGYANGR-EQ
BHANDARI,Bhandari Hosiery Exports Limited,NSE:BHANDARI-EQ
BHARATCOAL,Bharat Coking Coal Limited,NSE:BHARATCOAL-EQ
BHARATFORG,Bharat Forge Limited,NSE:BHARATFORG-EQ
BHARATRAS,Bharat Rasayan Limited,NSE:BHARATRAS-EQ
BHARATSE,Bharat Seats Limited,NSE:BHARATSE-EQ
BHARATWIRE,Bharat Wire Ropes Limited,NSE:BHARATWIRE-EQ
BHARTIARTL,Bharti Airtel Limited,NSE:BHARTIARTL-EQ
BHARTIHEXA,Bharti Hexacom Limited,NSE:BHARTIHEXA-EQ
BHEL,Bharat Heavy Electricals Limited,NSE:BHEL-EQ
BIGBLOC,Bigbloc Construction Limited,NSE:BIGBLOC-EQ
BIKAJI,Bikaji Foods International Limited,NSE:BIKAJI-EQ
BIL,Bhartiya International Limited,NSE:BIL-EQ
BIMETAL,Bimetal Bearings Limited,NSE:BIMETAL-EQ
BIOCON,Biocon Limited,NSE:BIOCON-EQ
BIOFILCHEM,Biofil Chemicals & Pharmaceuticals Limited,NSE:BIOFILCHEM-EQ
BIRLACABLE,Birla Cable Limited,NSE:BIRLACABLE-EQ
BIRLACORPN,Birla Corporation Limited,NSE:BIRLACORPN-EQ
BIRLAMONEY,Aditya Birla Money Limited,NSE:BIRLAMONEY-EQ
BIRLANU,BirlaNu Limited,NSE:BIRLANU-EQ
BIRLAPREC,Birla Precision Technologies Limited,NSE:BIRLAPREC-EQ
BLACKBUCK,BLACKBUCK LIMITED,NSE:BLACKBUCK-EQ
BLAL,BEML Land Assets Limited,NSE:BLAL-EQ
BLBLIMITED,BLB Limited,NSE:BLBLIMITED-EQ
BLEL,Behari Lal Engineering Limited,NSE:BLEL-EQ
BLIL,Balmer Lawrie Investments Limited,NSE:BLIL-EQ
BLKASHYAP,B. L. Kashyap and Sons Limited,NSE:BLKASHYAP-EQ
BLS,BLS International Services Limited,NSE:BLS-EQ
BLSE,BLS E-Services Limited,NSE:BLSE-EQ
BLUECLOUDS,Blue Cloud Softech Solutions Limited,NSE:BLUECLOUDS-EQ
BLUECOAST,Blue Coast Hotels Limited,NSE:BLUECOAST-EQ
BLUEDART,Blue Dart Express Limited,NSE:BLUEDART-EQ
BLUEJET,Blue Jet Healthcare Limited,NSE:BLUEJET-EQ
BLUESTARCO,Blue Star Limited,NSE:BLUESTARCO-EQ
BLUESTONE,BlueStone Jewellery and Lifestyle Limited,NSE:BLUESTONE-EQ
BLUSPRING,Bluspring Enterprises Limited,NSE:BLUSPRING-EQ
BMWVENTLTD,BMW Ventures Limited,NSE:BMWVENTLTD-EQ
BNAGROCHEM,BN Agrochem Limited,NSE:BNAGROCHEM-EQ
BODALCHEM,Bodal Chemicals Limited,NSE:BODALCHEM-EQ
BOHRAIND,Bohra Industries Limited,NSE:BOHRAIND-EQ
BOMDYEING,Bombay Dyeing & Mfg Company Limited,NSE:BOMDYEING-EQ
BONLON,Bonlon Industries Limited,NSE:BONLON-EQ
BORANA,Borana Weaves Limited,NSE:BORANA-EQ
BOROLTD,Borosil Limited,NSE:BOROLTD-EQ
BORORENEW,BOROSIL RENEWABLES LIMITED,NSE:BORORENEW-EQ
BOROSCI,Borosil Scientific Limited,NSE:BOROSCI-EQ
BOSCH-HCIL,BOSCH HOME COMFORT INDIA LIMITED,NSE:BOSCH-HCIL-EQ
BOSCHLTD,Bosch Limited,NSE:BOSCHLTD-EQ
BPCL,Bharat Petroleum Corporation Limited,NSE:BPCL-EQ
BPL,BPL Limited,NSE:BPL-EQ
BPLPHARMA,Bharat Parenterals Limited,NSE:BPLPHARMA-EQ
BRAHMINFRA,Brahmaputra Infrastructure Limited,NSE:BRAHMINFRA-EQ
BRIGADE,Brigade Enterprises Limited,NSE:BRIGADE-EQ
BRIGHOTEL,Brigade Hotel Ventures Limited,NSE:BRIGHOTEL-EQ
BRIGHTBR,Bright Brothers Limited,NSE:BRIGHTBR-EQ
BRITANNIA,Britannia Industries Limited,NSE:BRITANNIA-EQ
BRNL,Bharat Road Network Limited,NSE:BRNL-EQ
BROOKS,Brooks Laboratories Limited,NSE:BROOKS-EQ
BSE,BSE Limited,NSE:BSE-EQ
BSHSL,Bombay Super Hybrid Seeds Limited,NSE:BSHSL-EQ
BSL,BSL Limited,NSE:BSL-EQ
BSOFT,BIRLASOFT LIMITED,NSE:BSOFT-EQ
BTML,Bodhi Tree Multimedia Limited,NSE:BTML-EQ
BUILDPRO,Shankara Buildpro Limited,NSE:BUILDPRO-EQ
BURNPUR,Burnpur Cement Limited,NSE:BURNPUR-EQ
BUTTERFLY,Butterfly Gandhimathi Appliances Limited,NSE:BUTTERFLY-EQ
BVCL,Barak Valley Cements Limited,NSE:BVCL-EQ
CAMLINFINE,Camlin Fine Sciences Limited,NSE:CAMLINFINE-EQ
CAMPUS,Campus Activewear Limited,NSE:CAMPUS-EQ
CAMS,Computer Age Management Services Limited,NSE:CAMS-EQ
CANBK,Canara Bank,NSE:CANBK-EQ
CANFINHOME,Can Fin Homes Limited,NSE:CANFINHOME-EQ
CANHLIFE,Canara HSBC Life Insurance Company Limited,NSE:CANHLIFE-EQ
CANTABIL,Cantabil Retail India Limited,NSE:CANTABIL-EQ
CAPACITE,Capacit'e Infraprojects Limited,NSE:CAPACITE-EQ
CAPILLARY,Capillary Technologies India Limited,NSE:CAPILLARY-EQ
CAPITALSFB,Capital Small Finance Bank Limited,NSE:CAPITALSFB-EQ
CAPLIPOINT,Caplin Point Laboratories Limited,NSE:CAPLIPOINT-EQ
CARBORUNIV,Carborundum Universal Limited,NSE:CARBORUNIV-EQ
CARERATING,CARE Ratings Limited,NSE:CARERATING-EQ
CARRARO,Carraro India Limited,NSE:CARRARO-EQ
CARTRADE,Cartrade Tech Limited,NSE:CARTRADE-EQ
CARYSIL,CARYSIL LIMITED,NSE:CARYSIL-EQ
CASTROLIND,Castrol India Limited,NSE:CASTROLIND-EQ
CCAVENUE,AvenuesAI Limited,NSE:CCAVENUE-EQ
CCCL,Consolidated Construction Consortium Limited,NSE:CCCL-EQ
CCHHL,Country Club Hospitality & Holidays Limited,NSE:CCHHL-EQ
CCL,CCL Products (India) Limited,NSE:CCL-EQ
CDSL,Central Depository Services (India) Limited,NSE:CDSL-EQ
CEATLTD,CEAT Limited,NSE:CEATLTD-EQ
CEIGALL,Ceigall India Limited,NSE:CEIGALL-EQ
CEINSYS,Ceinsys Tech Limited,NSE:CEINSYS-EQ
CELEBRITY,Celebrity Fashions Limited,NSE:CELEBRITY-EQ
CELLO,Cello World Limited,NSE:CELLO-EQ
CEMPRO,Cemindia Projects Limited,NSE:CEMPRO-EQ
CENTENKA,Century Enka Limited,NSE:CENTENKA-EQ
CENTEXT,Century Extrusions Limited,NSE:CENTEXT-EQ
CENTRALBK,Central Bank of India,NSE:CENTRALBK-EQ
CENTRUM,Centrum Capital Limited,NSE:CENTRUM-EQ
CENTUM,Centum Electronics Limited,NSE:CENTUM-EQ
CENTURYPLY,Century Plyboards (India) Limited,NSE:CENTURYPLY-EQ
CERA,Cera Sanitaryware Limited,NSE:CERA-EQ
CESC,CESC Limited,NSE:CESC-EQ
CEWATER,Concord Enviro Systems Limited,NSE:CEWATER-EQ
CFEL,Confidence Futuristic Energetech Limited,NSE:CFEL-EQ
CGCL,Capri Global Capital Limited,NSE:CGCL-EQ
CGPOWER,CG Power and Industrial Solutions Limited,NSE:CGPOWER-EQ
CGVAK,CG Vak Software & Exports Limited,NSE:CGVAK-EQ
CHALET,Chalet Hotels Limited,NSE:CHALET-EQ
CHAMBLFERT,Chambal Fertilizers & Chemicals Limited,NSE:CHAMBLFERT-EQ
CHEMBOND,Chembond Material Technologies Limited,NSE:CHEMBOND-EQ
CHEMCRUX,Chemcrux Enterprises Limited,NSE:CHEMCRUX-EQ
CHEMFAB,Chemfab Alkalis Limited,NSE:CHEMFAB-EQ
CHEMPLASTS,Chemplast Sanmar Limited,NSE:CHEMPLASTS-EQ
CHENNPETRO,Chennai Petroleum Corporation Limited,NSE:CHENNPETRO-EQ
CHEVIOT,Cheviot Company Limited,NSE:CHEVIOT-EQ
CHOICEIN,Choice International Limited,NSE:CHOICEIN-EQ
CHOLAFIN,Cholamandalam Investment and Finance Company Limited,NSE:CHOLAFIN-EQ
CHOLAHLDNG,Cholamandalam Financial Holdings Limited,NSE:CHOLAHLDNG-EQ
CIEINDIA,CIE Automotive India Limited,NSE:CIEINDIA-EQ
CIFL,Capital India Finance Limited,NSE:CIFL-EQ
CINELINE,Cineline India Limited,NSE:CINELINE-EQ
CINEVISTA,Cinevista Limited,NSE:CINEVISTA-EQ
CIPLA,Cipla Limited,NSE:CIPLA-EQ
CLEAN,Clean Science and Technology Limited,NSE:CLEAN-EQ
CLEANMAX,Clean Max Enviro Energy Solutions Limited,NSE:CLEANMAX-EQ
CLEDUCATE,CL Educate Limited,NSE:CLEDUCATE-EQ
CLSEL,Chaman Lal Setia Exports Limited,NSE:CLSEL-EQ
CMLL,Caliber Mining and Logistics Limited,NSE:CMLL-EQ
CMPDI,Central Mine Planning & Design Institute Limited,NSE:CMPDI-EQ
CMRGREEN,CMR Green Technologies Limited,NSE:CMRGREEN-EQ
CMSINFO,CMS Info Systems Limited,NSE:CMSINFO-EQ
CNL,Creative Newtech Limited,NSE:CNL-EQ
COALINDIA,Coal India Limited,NSE:COALINDIA-EQ
COASTCORP,Coastal Corporation Limited,NSE:COASTCORP-EQ
COCHINSHIP,Cochin Shipyard Limited,NSE:COCHINSHIP-EQ
COCKERILL,John Cockerill India Limited,NSE:COCKERILL-EQ
COFFEEDAY,Coffee Day Enterprises Limited,NSE:COFFEEDAY-EQ
COFORGE,Coforge Limited,NSE:COFORGE-EQ
COHANCE,Cohance Lifesciences Limited,NSE:COHANCE-EQ
COLPAL,Colgate Palmolive (India) Limited,NSE:COLPAL-EQ
COMFINTE,Comfort Intech Limited,NSE:COMFINTE-EQ
COMPEAU,Competent Automobiles Company Limited,NSE:COMPEAU-EQ
COMPUSOFT,Compucom Software Limited,NSE:COMPUSOFT-EQ
COMSYN,Commercial Syn Bags Limited,NSE:COMSYN-EQ
CONCOR,Container Corporation of India Limited,NSE:CONCOR-EQ
CONCORDBIO,Concord Biotech Limited,NSE:CONCORDBIO-EQ
CONFIPET,Confidence Petroleum India Limited,NSE:CONFIPET-EQ
CONTROLPR,Control Print Limited,NSE:CONTROLPR-EQ
CORALFINAC,Coral India Finance & Housing Limited,NSE:CORALFINAC-EQ
CORDELIA,Waterways Leisure Tourism Limited,NSE:CORDELIA-EQ
CORDSCABLE,Cords Cable Industries Limited,NSE:CORDSCABLE-EQ
COROMANDEL,Coromandel International Limited,NSE:COROMANDEL-EQ
CORONA,CORONA Remedies Limited,NSE:CORONA-EQ
COSMOFIRST,COSMO FIRST LIMITED,NSE:COSMOFIRST-EQ
CPCAP,CP Capital Limited,NSE:CPCAP-EQ
CPEDU,Career Point Edutech Limited,NSE:CPEDU-EQ
CPL,Captain Polyplast Limited,NSE:CPL-EQ
CPPLUS,Aditya Infotech Limited,NSE:CPPLUS-EQ
CRAFTSMAN,Craftsman Automation Limited,NSE:CRAFTSMAN-EQ
CRAMC,Canara Robeco Asset Management Company Limited,NSE:CRAMC-EQ
CRAVATEX,Cravatex Limited,NSE:CRAVATEX-EQ
CREATIVEYE,Creative Eye Limited,NSE:CREATIVEYE-EQ
CREDITACC,CREDITACCESS GRAMEEN LIMITED,NSE:CREDITACC-EQ
CREST,Crest Ventures Limited,NSE:CREST-EQ
CRISIL,Crisil Limited,NSE:CRISIL-EQ
CRIZAC,Crizac Limited,NSE:CRIZAC-EQ
CROMPTON,Crompton Greaves Consumer Electricals Limited,NSE:CROMPTON-EQ
CROWN,Crown Lifters Limited,NSE:CROWN-EQ
CSBBANK,CSB Bank Limited,NSE:CSBBANK-EQ
CSLFINANCE,CSL Finance Limited,NSE:CSLFINANCE-EQ
CSM,CSM Technologies Limited,NSE:CSM-EQ
CUB,City Union Bank Limited,NSE:CUB-EQ
CUBEXTUB,Cubex Tubings Limited,NSE:CUBEXTUB-EQ
CUMMINSIND,Cummins India Limited,NSE:CUMMINSIND-EQ
CUPID,Cupid Limited,NSE:CUPID-EQ
CURAA,Cura Technologies Limited,NSE:CURAA-EQ
CYBERMEDIA,Cyber Media (India) Limited,NSE:CYBERMEDIA-EQ
CYIENT,Cyient Limited,NSE:CYIENT-EQ
CYIENTDLM,Cyient DLM Limited,NSE:CYIENTDLM-EQ
DABUR,Dabur India Limited,NSE:DABUR-EQ
DALBHARAT,Dalmia Bharat Limited,NSE:DALBHARAT-EQ
DALMIASUG,Dalmia Bharat Sugar and Industries Limited,NSE:DALMIASUG-EQ
DAMCAPITAL,Dam Capital Advisors Limited,NSE:DAMCAPITAL-EQ
DANGEE,Dangee Dums Limited,NSE:DANGEE-EQ
DATAMATICS,Datamatics Global Services Limited,NSE:DATAMATICS-EQ
DATAPATTNS,Data Patterns (India) Limited,NSE:DATAPATTNS-EQ
DAVANGERE,Davangere Sugar Company Limited,NSE:DAVANGERE-EQ
DBCORP,D.B.Corp Limited,NSE:DBCORP-EQ
DBEIL,Deepak Builders & Engineers India Limited,NSE:DBEIL-EQ
DBL,Dilip Buildcon Limited,NSE:DBL-EQ
DBOL,Dhampur Bio Organics Limited,NSE:DBOL-EQ
DBREALTY,Valor Estate Limited,NSE:DBREALTY-EQ
DCAL,Dishman Carbogen Amcis Limited,NSE:DCAL-EQ
DCBBANK,DCB Bank Limited,NSE:DCBBANK-EQ
DCI,Dc Infotech And Communication Limited,NSE:DCI-EQ
DCMFINSERV,DCM Financial Services Limited,NSE:DCMFINSERV-EQ
DCMNVL,DCM Nouvelle Limited,NSE:DCMNVL-EQ
DCMSHRIRAM,DCM Shriram Limited,NSE:DCMSHRIRAM-EQ
DCMSIL,DCM Shriram International Limited,NSE:DCMSIL-EQ
DCMSRIND,DCM Shriram Industries Limited,NSE:DCMSRIND-EQ
DCW,DCW Limited,NSE:DCW-EQ
DCXINDIA,DCX Systems Limited,NSE:DCXINDIA-EQ
DDEVPLSTIK,Ddev Plastiks Industries Limited,NSE:DDEVPLSTIK-EQ
DECCANCE,Deccan Cements Limited,NSE:DECCANCE-EQ
DECNGOLD,Deccan Gold Mines Limited,NSE:DECNGOLD-EQ
DEEDEV,DEE Development Engineers Limited,NSE:DEEDEV-EQ
DEEP,Deep Polymers Limited,NSE:DEEP-EQ
DEEPA,Deepa Jewellers Limited,NSE:DEEPA-EQ
DEEPAKFERT,Deepak Fertilizers and Petrochemicals Corporation Limited,NSE:DEEPAKFERT-EQ
DEEPAKNTR,Deepak Nitrite Limited,NSE:DEEPAKNTR-EQ
DEEPINDS,Deep Industries Limited,NSE:DEEPINDS-EQ
DELHIVERY,Delhivery Limited,NSE:DELHIVERY-EQ
DELTACORP,Delta Corp Limited,NSE:DELTACORP-EQ
DELTAMAGNT,Delta Manufacturing Limited,NSE:DELTAMAGNT-EQ
DEN,Den Networks Limited,NSE:DEN-EQ
DENORA,De Nora India Limited,NSE:DENORA-EQ
DENTA,Denta Water and Infra Solutions Limited,NSE:DENTA-EQ
DEVIT,Dev Information Technology Limited,NSE:DEVIT-EQ
DEVX,Dev Accelerator Limited,NSE:DEVX-EQ
DEVYANI,Devyani International Limited,NSE:DEVYANI-EQ
DGCONTENT,Digicontent Limited,NSE:DGCONTENT-EQ
DHAMPURSUG,Dhampur Sugar Mills Limited,NSE:DHAMPURSUG-EQ
DHANBANK,Dhanlaxmi Bank Limited,NSE:DHANBANK-EQ
DHANUKA,Dhanuka Agritech Limited,NSE:DHANUKA-EQ
DHARMAJ,Dharmaj Crop Guard Limited,NSE:DHARMAJ-EQ
DHATRE,Dhatre Udyog Limited,NSE:DHATRE-EQ
DHOOTTRANS,Dhoot Transmission Limited,NSE:DHOOTTRANS-EQ
DHRUV,Dhruv Consultancy Services Limited,NSE:DHRUV-EQ
DHUNINV,Dhunseri Investments Limited,NSE:DHUNINV-EQ
DIAMINESQ,Diamines & Chemicals Limited,NSE:DIAMINESQ-EQ
DIAMONDYD,Prataap Snacks Limited,NSE:DIAMONDYD-EQ
DICIND,DIC India Limited,NSE:DICIND-EQ
DIFFNKG,Diffusion Engineers Limited,NSE:DIFFNKG-EQ
DIGIDRIVE,Digidrive Distributors Limited,NSE:DIGIDRIVE-EQ
DIGISPICE,DiGiSPICE Technologies Limited,NSE:DIGISPICE-EQ
DIGITIDE,Digitide Solutions Limited,NSE:DIGITIDE-EQ
DIGJAMLMTD,Digjam Limited,NSE:DIGJAMLMTD-EQ
DISAQ,Disa India Limited,NSE:DISAQ-EQ
DISHTV,Dish TV India Limited,NSE:DISHTV-EQ
DIVGIITTS,Divgi Torqtransfer Systems Limited,NSE:DIVGIITTS-EQ
DIVISLAB,Divi's Laboratories Limited,NSE:DIVISLAB-EQ
DIXON,Dixon Technologies (India) Limited,NSE:DIXON-EQ
DJML,DJ Mediaprint & Logistics Limited,NSE:DJML-EQ
DLF,DLF Limited,NSE:DLF-EQ
DLINKINDIA,D-Link (India) Limited,NSE:DLINKINDIA-EQ
DMART,Avenue Supermarts Limited,NSE:DMART-EQ
DMCC,DMCC SPECIALITY CHEMICALS LIMITED,NSE:DMCC-EQ
DNAMEDIA,Diligent Media Corporation Limited,NSE:DNAMEDIA-EQ
DODLA,Dodla Dairy Limited,NSE:DODLA-EQ
DOLATALGO,Dolat Algotech Limited,NSE:DOLATALGO-EQ
DOLLAR,Dollar Industries Limited,NSE:DOLLAR-EQ
DOLPHIN,Dolphin Offshore Enterprises (India) Limited,NSE:DOLPHIN-EQ
DOMS,DOMS Industries Limited,NSE:DOMS-EQ
DONEAR,Donear Industries Limited,NSE:DONEAR-EQ
DPABHUSHAN,D. P. Abhushan Limited,NSE:DPABHUSHAN-EQ
DRAGARWQ,Dr Agarwals Eye Hospital Limited,NSE:DRAGARWQ-EQ
DRCSYSTEMS,DRC Systems India Limited,NSE:DRCSYSTEMS-EQ
DREAMFOLKS,Dreamfolks Services Limited,NSE:DREAMFOLKS-EQ
DREDGECORP,Dredging Corporation of India Limited,NSE:DREDGECORP-EQ
DRREDDY,Dr. Reddy's Laboratories Limited,NSE:DRREDDY-EQ
DSSL,Dynacons Systems & Solutions Limited,NSE:DSSL-EQ
DUCON,Ducon Infratechnologies Limited,NSE:DUCON-EQ
DVL,Dhunseri Ventures Limited,NSE:DVL-EQ
DWARKESH,Dwarikesh Sugar Industries Limited,NSE:DWARKESH-EQ
DYCL,Dynamic Cables Limited,NSE:DYCL-EQ
DYNAMATECH,Dynamatic Technologies Limited,NSE:DYNAMATECH-EQ
DYNPRO,Dynemic Products Limited,NSE:DYNPRO-EQ
EASEMYTRIP,Easy Trip Planners Limited,NSE:EASEMYTRIP-EQ
EASTWEST,East West Freight Carriers Limited,NSE:EASTWEST-EQ
EBGNG,GNG Electronics Limited,NSE:EBGNG-EQ
ECLERX,eClerx Services Limited,NSE:ECLERX-EQ
ECORECO,Eco Recycling Limited,NSE:ECORECO-EQ
ECOSMOBLTY,Ecos (India) Mobility & Hospitality Limited,NSE:ECOSMOBLTY-EQ
EDELWEISS,Edelweiss Financial Services Limited,NSE:EDELWEISS-EQ
EFCIL,EFC (I) Limited,NSE:EFCIL-EQ
EICHERMOT,Eicher Motors Limited,NSE:EICHERMOT-EQ
EIDPARRY,EID Parry India Limited,NSE:EIDPARRY-EQ
EIEL,Enviro Infra Engineers Limited,NSE:EIEL-EQ
EIHAHOTELS,EIH Associated Hotels Limited,NSE:EIHAHOTELS-EQ
EIHOTEL,EIH Limited,NSE:EIHOTEL-EQ
EIMCOELECO,Eimco Elecon (India) Limited,NSE:EIMCOELECO-EQ
EKC,Everest Kanto Cylinder Limited,NSE:EKC-EQ
EKI,EKI Energy Services Limited,NSE:EKI-EQ
ELANTAS,Elantas Beck India Limited,NSE:ELANTAS-EQ
ELCIDIN,EL CID Investments Limited,NSE:ELCIDIN-EQ
ELDEHSG,Eldeco Housing And Industries Limited,NSE:ELDEHSG-EQ
ELECON,Elecon Engineering Company Limited,NSE:ELECON-EQ
ELECTCAST,Electrosteel Castings Limited,NSE:ELECTCAST-EQ
ELECTHERM,Electrotherm (India) Limited,NSE:ELECTHERM-EQ
ELGIEQUIP,Elgi Equipments Limited,NSE:ELGIEQUIP-EQ
ELGIRUBCO,Elgi Rubber Company Limited,NSE:ELGIRUBCO-EQ
ELIN,Elin Electronics Limited,NSE:ELIN-EQ
ELITECON,Elitecon International Limited,NSE:ELITECON-EQ
ELLEN,Ellenbarrie Industrial Gases Limited,NSE:ELLEN-EQ
ELPROINTL,Elpro International Limited,NSE:ELPROINTL-EQ
EMAMILTD,Emami Limited,NSE:EMAMILTD-EQ
EMAMIREAL,Emami Realty Limited,NSE:EMAMIREAL-EQ
EMBDL,Embassy Developments Limited,NSE:EMBDL-EQ
EMCURE,Emcure Pharmaceuticals Limited,NSE:EMCURE-EQ
EMIL,Electronics Mart India Limited,NSE:EMIL-EQ
EMKAY,Emkay Global Financial Services Limited,NSE:EMKAY-EQ
EMMVEE,Emmvee Photovoltaic Power Limited,NSE:EMMVEE-EQ
EMPIND,Empire Industries Limited,NSE:EMPIND-EQ
EMPOWER,Empower India Limited,NSE:EMPOWER-EQ
EMSLIMITED,EMS Limited,NSE:EMSLIMITED-EQ
EMUDHRA,eMudhra Limited,NSE:EMUDHRA-EQ
ENDURANCE,Endurance Technologies Limited,NSE:ENDURANCE-EQ
ENERGYDEV,Energy Development Company Limited,NSE:ENERGYDEV-EQ
ENGINERSIN,Engineers India Limited,NSE:ENGINERSIN-EQ
ENIL,Entertainment Network (India) Limited,NSE:ENIL-EQ
ENKEIWHEL,Enkei Wheels (India) Limited,NSE:ENKEIWHEL-EQ
ENRIN,Siemens Energy India Limited,NSE:ENRIN-EQ
ENTERO,Entero Healthcare Solutions Limited,NSE:ENTERO-EQ
EPACK,EPACK Durable Limited,NSE:EPACK-EQ
EPACKPEB,EPack Prefab Technologies Limited,NSE:EPACKPEB-EQ
EPIGRAL,Epigral Limited,NSE:EPIGRAL-EQ
EPL,EPL Limited,NSE:EPL-EQ
EQUITASBNK,Equitas Small Finance Bank Limited,NSE:EQUITASBNK-EQ
ERIS,Eris Lifesciences Limited,NSE:ERIS-EQ
ESABINDIA,Esab India Limited,NSE:ESABINDIA-EQ
ESCORTS,Escorts Kubota Limited,NSE:ESCORTS-EQ
ESDS,ESDS Software Solution Limited,NSE:ESDS-EQ
ESSARSHPNG,Essar Shipping Limited,NSE:ESSARSHPNG-EQ
ESSENTIA,Integra Essentia Limited,NSE:ESSENTIA-EQ
ESTER,Ester Industries Limited,NSE:ESTER-EQ
ETERNAL,ETERNAL LIMITED,NSE:ETERNAL-EQ
ETHOSLTD,Ethos Limited,NSE:ETHOSLTD-EQ
EUREKAFORB,Eureka Forbes Limited,NSE:EUREKAFORB-EQ
EUROBOND,Euro Panel Products Limited,NSE:EUROBOND-EQ
EUROPRATIK,Euro Pratik Sales Limited,NSE:EUROPRATIK-EQ
EVEREADY,Eveready Industries India Limited,NSE:EVEREADY-EQ
EXCELINDUS,Excel Industries Limited,NSE:EXCELINDUS-EQ
EXCELSOFT,Excelsoft Technologies Limited,NSE:EXCELSOFT-EQ
EXICOM,Exicom Tele-Systems Limited,NSE:EXICOM-EQ
EXIDEIND,Exide Industries Limited,NSE:EXIDEIND-EQ
EXPLEOSOL,Expleo Solutions Limited,NSE:EXPLEOSOL-EQ
EXXARO,Exxaro Tiles Limited,NSE:EXXARO-EQ
FABTECH,Fabtech Technologies Limited,NSE:FABTECH-EQ
FACT,Fertilizers and Chemicals Travancore Limited,NSE:FACT-EQ
FAZE3Q,Faze Three Limited,NSE:FAZE3Q-EQ
FCL,Fineotex Chemical Limited,NSE:FCL-EQ
FCSSOFT,FCS Software Solutions Limited,NSE:FCSSOFT-EQ
FDC,FDC Limited,NSE:FDC-EQ
FEDDERSHOL,Fedders Holding Limited,NSE:FEDDERSHOL-EQ
FEDERALBNK,The Federal Bank  Limited,NSE:FEDERALBNK-EQ
FEDFINA,Fedbank Financial Services Limited,NSE:FEDFINA-EQ
FERMENTA,Fermenta Biotech Limited,NSE:FERMENTA-EQ
FIBERWEB,Fiberweb (India) Limited,NSE:FIBERWEB-EQ
FIEMIND,Fiem Industries Limited,NSE:FIEMIND-EQ
FILATEX,Filatex India Limited,NSE:FILATEX-EQ
FILATFASH,Filatex Fashions Limited,NSE:FILATFASH-EQ
FINCABLES,Finolex Cables Limited,NSE:FINCABLES-EQ
FINEORG,Fine Organic Industries Limited,NSE:FINEORG-EQ
FINKURVE,Finkurve Financial Services Limited,NSE:FINKURVE-EQ
FINOPB,Fino Payments Bank Limited,NSE:FINOPB-EQ
FINPIPE,Finolex Industries Limited,NSE:FINPIPE-EQ
FIRSTCRY,Brainbees Solutions Limited,NSE:FIRSTCRY-EQ
FISCHER,Fischer Medical Ventures Limited,NSE:FISCHER-EQ
FIVESTAR,Five-Star Business Finance Limited,NSE:FIVESTAR-EQ
FLAIR,Flair Writing Industries Limited,NSE:FLAIR-EQ
FLUOROCHEM,Gujarat Fluorochemicals Limited,NSE:FLUOROCHEM-EQ
FMGOETZE,Federal-Mogul Goetze (India) Limited.,NSE:FMGOETZE-EQ
FMNL,Future Market Networks Limited,NSE:FMNL-EQ
FOODSIN,Foods & Inns Limited,NSE:FOODSIN-EQ
FORCEMOT,FORCE MOTORS LTD,NSE:FORCEMOT-EQ
FORTIS,Fortis Healthcare Limited,NSE:FORTIS-EQ
FOSECOIND,Foseco India Limited,NSE:FOSECOIND-EQ
FRACTAL,Fractal Analytics Limited,NSE:FRACTAL-EQ
FREDUN,Fredun Pharmaceuticals Limited,NSE:FREDUN-EQ
FRONTSP,Frontier Springs Limited,NSE:FRONTSP-EQ
FSL,Firstsource Solutions Limited,NSE:FSL-EQ
FUSION,Fusion Finance Limited,NSE:FUSION-EQ
GABRIEL,Gabriel India Limited,NSE:GABRIEL-EQ
GAEL,Gujarat Ambuja Exports Limited,NSE:GAEL-EQ
GAIL,GAIL (India) Limited,NSE:GAIL-EQ
GAJA,Gaja Alternative Asset Management Limited,NSE:GAJA-EQ
GALAPREC,Gala Precision Engineering Limited,NSE:GALAPREC-EQ
GALAXYSURF,Galaxy Surfactants Limited,NSE:GALAXYSURF-EQ
GALLANTT,Gallantt Ispat Limited,NSE:GALLANTT-EQ
GANDHAR,Gandhar Oil Refinery (India) Limited,NSE:GANDHAR-EQ
GANDHITUBE,Gandhi Special Tubes Limited,NSE:GANDHITUBE-EQ
GANECOS,Ganesha Ecosphere Limited,NSE:GANECOS-EQ
GANESHCP,Ganesh Consumer Products Limited,NSE:GANESHCP-EQ
GANESHHOU,GANESH HOUSING LIMITED,NSE:GANESHHOU-EQ
GANGAFORGE,Ganga Forging Limited,NSE:GANGAFORGE-EQ
GANGESSECU,Ganges Securities Limited,NSE:GANGESSECU-EQ
GARFIBRES,Garware Technical Fibres Limited,NSE:GARFIBRES-EQ
GARUDA,Garuda Construction and Engineering Limited,NSE:GARUDA-EQ
GATEWAY,Gateway Distriparks Limited,NSE:GATEWAY-EQ
GAYAHWS,Gayatri Highways Limited,NSE:GAYAHWS-EQ
GAYAPROJ,Gayatri Projects Limited,NSE:GAYAPROJ-EQ
GCSL,Gretex Corporate Services Limited,NSE:GCSL-EQ
GEEKAYWIRE,Geekay Wires Limited,NSE:GEEKAYWIRE-EQ
GEMAROMA,Gem Aromatics Limited,NSE:GEMAROMA-EQ
GENCON,Generic Engineering Construction and Projects Limited,NSE:GENCON-EQ
GENESYS,Genesys International Corporation Limited,NSE:GENESYS-EQ
GENUSPAPER,Genus Paper & Boards Limited,NSE:GENUSPAPER-EQ
GENUSPOWER,Genus Power Infrastructures Limited,NSE:GENUSPOWER-EQ
GEOJITFSL,Geojit Financial Services Limited,NSE:GEOJITFSL-EQ
GESHIP,The Great Eastern Shipping Company Limited,NSE:GESHIP-EQ
GFLLIMITED,GFL Limited,NSE:GFLLIMITED-EQ
GFSTEELS,Grand Foundry Limited,NSE:GFSTEELS-EQ
GHCL,GHCL Limited,NSE:GHCL-EQ
GHCLTEXTIL,GHCL Textiles Limited,NSE:GHCLTEXTIL-EQ
GICHSGFIN,GIC Housing Finance Limited,NSE:GICHSGFIN-EQ
GICL,Globe International Carriers Limited,NSE:GICL-EQ
GICRE,General Insurance Corporation of India,NSE:GICRE-EQ
GILLANDERS,Gillanders Arbuthnot & Company Limited,NSE:GILLANDERS-EQ
GILLETTE,Gillette India Limited,NSE:GILLETTE-EQ
GIPCL,Gujarat Industries Power Company Limited,NSE:GIPCL-EQ
GKB,GKB Ophthalmics Limited,NSE:GKB-EQ
GKENERGY,GK Energy Limited,NSE:GKENERGY-EQ
GKSL,Gujarat Kidney And Super Speciality Limited,NSE:GKSL-EQ
GKWLIMITED,GKW Limited,NSE:GKWLIMITED-EQ
GLAND,Gland Pharma Limited,NSE:GLAND-EQ
GLAXO,GlaxoSmithKline Pharmaceuticals Limited,NSE:GLAXO-EQ
GLENMARK,Glenmark Pharmaceuticals Limited,NSE:GLENMARK-EQ
GLFL,Gujarat Lease Financing Limited,NSE:GLFL-EQ
GLOBAL,Global Education Limited,NSE:GLOBAL-EQ
GLOBALE,Globale Tessile Limited,NSE:GLOBALE-EQ
GLOBALVECT,Global Vectra Helicorp Limited,NSE:GLOBALVECT-EQ
GLOBE,GLOBE ENTERPRISES (INDIA) LIMITED,NSE:GLOBE-EQ
GLOBECIVIL,Globe Civil Projects Limited,NSE:GLOBECIVIL-EQ
GLOBUSSPR,Globus Spirits Limited,NSE:GLOBUSSPR-EQ
GLOSTERLTD,Gloster Limited,NSE:GLOSTERLTD-EQ
GLOTTIS,Glottis Limited,NSE:GLOTTIS-EQ
GMBREW,GM Breweries Limited,NSE:GMBREW-EQ
GMDCLTD,Gujarat Mineral Development Corporation Limited,NSE:GMDCLTD-EQ
GMMPFAUDLR,GMM Pfaudler Limited,NSE:GMMPFAUDLR-EQ
GMRAIRPORT,GMR AIRPORTS LIMITED,NSE:GMRAIRPORT-EQ
GMRP&UI,GMR Power and Urban Infra Limited,NSE:GMRP&UI-EQ
GNA,GNA Axles Limited,NSE:GNA-EQ
GNFC,Gujarat Narmada Valley Fertilizers and Chemicals Limited,NSE:GNFC-EQ
GNRL,Gujarat Natural Resources Limited,NSE:GNRL-EQ
GOACARBON,Goa Carbon Limited,NSE:GOACARBON-EQ
GOCLCORP,GOCL Corporation Limited,NSE:GOCLCORP-EQ
GOCOLORS,Go Fashion (India) Limited,NSE:GOCOLORS-EQ
GODAVARIB,Godavari Biorefineries Limited,NSE:GODAVARIB-EQ
GODFRYPHLP,Godfrey Phillips India Limited,NSE:GODFRYPHLP-EQ
GODIGIT,Go Digit General Insurance Limited,NSE:GODIGIT-EQ
GODREJAGRO,Godrej Agrovet Limited,NSE:GODREJAGRO-EQ
GODREJCP,Godrej Consumer Products Limited,NSE:GODREJCP-EQ
GODREJIND,Godrej Industries Limited,NSE:GODREJIND-EQ
GODREJPROP,Godrej Properties Limited,NSE:GODREJPROP-EQ
GOKEX,Gokaldas Exports Limited,NSE:GOKEX-EQ
GOKUL,Gokul Refoils and Solvent Limited,NSE:GOKUL-EQ
GOKULAGRO,Gokul Agro Resources Limited,NSE:GOKULAGRO-EQ
GOLDIAM,Goldiam International Limited,NSE:GOLDIAM-EQ
GOODLUCK,Goodluck India Limited,NSE:GOODLUCK-EQ
GOODYEAR,Goodyear India Limited,NSE:GOODYEAR-EQ
GOPAL,Gopal Snacks Limited,NSE:GOPAL-EQ
GOYALALUM,Goyal Aluminiums Limited,NSE:GOYALALUM-EQ
GPIL,Godawari Power And Ispat limited,NSE:GPIL-EQ
GPPL,Gujarat Pipavav Port Limited,NSE:GPPL-EQ
GPTHEALTH,GPT Healthcare Limited,NSE:GPTHEALTH-EQ
GPTINFRA,GPT Infraprojects Limited,NSE:GPTINFRA-EQ
GRADIENTE,Gradiente Infotainment Limited,NSE:GRADIENTE-EQ
GRANDOAK,Grand Oak Canyons Distillery Limited,NSE:GRANDOAK-EQ
GRANULES,Granules India Limited,NSE:GRANULES-EQ
GRAPHITE,Graphite India Limited,NSE:GRAPHITE-EQ
GRASIM,Grasim Industries Limited,NSE:GRASIM-EQ
GRAUWEIL,Grauer & Weil India Limited,NSE:GRAUWEIL-EQ
GRAVISSHO,Graviss Hospitality Limited,NSE:GRAVISSHO-EQ
GRAVITA,Gravita India Limited,NSE:GRAVITA-EQ
GREAVESCOT,Greaves Cotton Limited,NSE:GREAVESCOT-EQ
GREENLAM,Greenlam Industries Limited,NSE:GREENLAM-EQ
GREENPANEL,Greenpanel Industries Limited,NSE:GREENPANEL-EQ
GREENPLY,Greenply Industries Limited,NSE:GREENPLY-EQ
GREENPOWER,Orient Green Power Company Limited,NSE:GREENPOWER-EQ
GRINDWELL,Grindwell Norton Limited,NSE:GRINDWELL-EQ
GRINFRA,G R Infraprojects Limited,NSE:GRINFRA-EQ
GRMOVER,GRM Overseas Limited,NSE:GRMOVER-EQ
GROBTEA,The Grob Tea Company Limited,NSE:GROBTEA-EQ
GROWW,Billionbrains Garage Ventures Limited,NSE:GROWW-EQ
GRPLTD,GRP Limited,NSE:GRPLTD-EQ
GRSE,Garden Reach Shipbuilders & Engineers Limited,NSE:GRSE-EQ
GRWRHITECH,Garware Hi-Tech Films Limited,NSE:GRWRHITECH-EQ
GSFC,Gujarat State Fertilizers & Chemicals Limited,NSE:GSFC-EQ
GSLSU,Global Surfaces Limited,NSE:GSLSU-EQ
GSPCROP,GSP Crop Science Limited,NSE:GSPCROP-EQ
GSS,GSS Infotech Limited,NSE:GSS-EQ
GTL,GTL Limited,NSE:GTL-EQ
GTLINFRA,GTL Infrastructure Limited,NSE:GTLINFRA-EQ
GTPL,GTPL Hathway Limited,NSE:GTPL-EQ
GUFICBIO,Gufic Biosciences Limited,NSE:GUFICBIO-EQ
GUJALKALI,Gujarat Alkalies and Chemicals Limited,NSE:GUJALKALI-EQ
GUJAPOLLO,Gujarat Apollo Industries Limited,NSE:GUJAPOLLO-EQ
GUJENERGY,GUJARAT ENERGY LIMITED,NSE:GUJENERGY-EQ
GUJRAFFIA,Gujarat Raffia Industries Limited,NSE:GUJRAFFIA-EQ
GUJTHEM,Gujarat Themis Biosyn Limited,NSE:GUJTHEM-EQ
GULFOILLUB,Gulf Oil Lubricants India Limited,NSE:GULFOILLUB-EQ
GULPOLY,Gulshan Polyols Limited,NSE:GULPOLY-EQ
GVPIL,GE Power India Limited,NSE:GVPIL-EQ
GVT&D,GE Vernova T&D India Limited,NSE:GVT&D-EQ
GYFTR,Gyftr Limited,NSE:GYFTR-EQ
HAL,Hindustan Aeronautics Limited,NSE:HAL-EQ
HALDER,Halder Venture Limited,NSE:HALDER-EQ
HALEOSLABS,HALEOS LABS LIMITED,NSE:HALEOSLABS-EQ
HAMPTON,Hampton Sky Realty Limited,NSE:HAMPTON-EQ
HAPPSTMNDS,Happiest Minds Technologies Limited,NSE:HAPPSTMNDS-EQ
HAPPYFORGE,Happy Forgings Limited,NSE:HAPPYFORGE-EQ
HARDWYN,Hardwyn India Limited,NSE:HARDWYN-EQ
HARIOMPIPE,Hariom Pipe Industries Limited,NSE:HARIOMPIPE-EQ
HARRMALAYA,Harrisons  Malayalam Limited,NSE:HARRMALAYA-EQ
HARSHA,Harsha Engineers International Limited,NSE:HARSHA-EQ
HATHWAY,Hathway Cable & Datacom Limited,NSE:HATHWAY-EQ
HATSUN,Hatsun Agro Product Limited,NSE:HATSUN-EQ
HAVELLS,Havells India Limited,NSE:HAVELLS-EQ
HAVISHA,Sri Havisha Hospitality and Infrastructure Limited,NSE:HAVISHA-EQ
HAWKINCOOK,Hawkins Cookers Limited,NSE:HAWKINCOOK-EQ
HAZOOR,Hazoor Multi Projects Limited,NSE:HAZOOR-EQ
HBESD,HB Estate Developers Limited,NSE:HBESD-EQ
HBLENGINE,HBL Engineering Limited,NSE:HBLENGINE-EQ
HBPOR,HB Portfolio Limited,NSE:HBPOR-EQ
HBSL,HB Stockholdings Limited,NSE:HBSL-EQ
HCC,Hindustan Construction Company Limited,NSE:HCC-EQ
HCG,Healthcare Global Enterprises Limited,NSE:HCG-EQ
HCL-INSYS,HCL Infosystems Limited,NSE:HCL-INSYS-EQ
HCLTECH,HCL Technologies Limited,NSE:HCLTECH-EQ
HDBFS,HDB Financial Services Limited,NSE:HDBFS-EQ
HDFCAMC,HDFC Asset Management Company Limited,NSE:HDFCAMC-EQ
HDFCBANK,HDFC Bank Limited,NSE:HDFCBANK-EQ
HDFCLIFE,HDFC Life Insurance Company Limited,NSE:HDFCLIFE-EQ
HEADSUP,Heads UP Ventures Limited,NSE:HEADSUP-EQ
HEALTHX,Health X Platform Limited,NSE:HEALTHX-EQ
HECPROJECT,HEC Infra Projects Limited,NSE:HECPROJECT-EQ
HEIDELBERG,HeidelbergCement India Limited,NSE:HEIDELBERG-EQ
HEMIPROP,Hemisphere Properties India Limited,NSE:HEMIPROP-EQ
HERANBA,Heranba Industries Limited,NSE:HERANBA-EQ
HERITGFOOD,Heritage Foods Limited,NSE:HERITGFOOD-EQ
HEROMOTOCO,Hero MotoCorp Limited,NSE:HEROMOTOCO-EQ
HESTERBIO,Hester Biosciences Limited,NSE:HESTERBIO-EQ
HEXATRADEX,Hexa Tradex Limited,NSE:HEXATRADEX-EQ
HEXT,Hexaware Technologies Limited,NSE:HEXT-EQ
HGINFRA,H.G. Infra Engineering Limited,NSE:HGINFRA-EQ
HGM,HandsOn Global Management (HGM) Limited,NSE:HGM-EQ
HGS,Hinduja Global Solutions Limited,NSE:HGS-EQ
HIKAL,Hikal Limited,NSE:HIKAL-EQ
HILINFRA,Highway Infrastructure Limited,NSE:HILINFRA-EQ
HILTON,Hilton Metal Forging Limited,NSE:HILTON-EQ
HIMATSEIDE,Himatsingka Seide Limited,NSE:HIMATSEIDE-EQ
HINDADH,Hindustan Adhesives Limited,NSE:HINDADH-EQ
HINDALCO,Hindalco Industries Limited,NSE:HINDALCO-EQ
HINDALUMI,Hind Aluminium Industries Limited,NSE:HINDALUMI-EQ
HINDCOMPOS,Hindustan Composites Limited,NSE:HINDCOMPOS-EQ
HINDCON,Hindcon Chemicals Limited,NSE:HINDCON-EQ
HINDCOPPER,Hindustan Copper Limited,NSE:HINDCOPPER-EQ
HINDOILEXP,Hindustan Oil Exploration Company Limited,NSE:HINDOILEXP-EQ
HINDPETRO,Hindustan Petroleum Corporation Limited,NSE:HINDPETRO-EQ
HINDUNILVR,Hindustan Unilever Limited,NSE:HINDUNILVR-EQ
HINDWAREAP,Hindware Home Innovation Limited,NSE:HINDWAREAP-EQ
HINDZINC,Hindustan Zinc Limited,NSE:HINDZINC-EQ
HIRECT,Hirect Limited,NSE:HIRECT-EQ
HISARMETAL,Hisar Metal Industries Limited,NSE:HISARMETAL-EQ
HITECH,Hi-Tech Pipes Limited,NSE:HITECH-EQ
HLEGLAS,HLE Glascoat Limited,NSE:HLEGLAS-EQ
HLVLTD,HLV LIMITED,NSE:HLVLTD-EQ
HMAAGRO,HMA Agro Industries Limited,NSE:HMAAGRO-EQ
HNDFDS,Hindustan Foods Limited,NSE:HNDFDS-EQ
HOMEFIRST,Home First Finance Company India Limited,NSE:HOMEFIRST-EQ
HONASA,Honasa Consumer Limited,NSE:HONASA-EQ
HONAUT,Honeywell Automation India Limited,NSE:HONAUT-EQ
HONDAPOWER,Honda India Power Products Limited,NSE:HONDAPOWER-EQ
HORIZONIND,Horizon Industrial Parks Limited,NSE:HORIZONIND-EQ
HPAL,HP Adhesives Limited,NSE:HPAL-EQ
HPIL,Hindprakash Industries Limited,NSE:HPIL-EQ
HPL,HPL Electric & Power Limited,NSE:HPL-EQ
HRYNSHP,Hariyana Ship Breakers Limited,NSE:HRYNSHP-EQ
HSCL,Himadri Speciality Chemical Limited,NSE:HSCL-EQ
HTMEDIA,HT Media Limited,NSE:HTMEDIA-EQ
HUBTOWN,Hubtown Limited,NSE:HUBTOWN-EQ
HUDCO,Housing & Urban Development Corporation Limited,NSE:HUDCO-EQ
HUHTAMAKI,Huhtamaki India Limited,NSE:HUHTAMAKI-EQ
HYUNDAI,Hyundai Motor India Limited,NSE:HYUNDAI-EQ
IBULLSLTD,Indiabulls Limited,NSE:IBULLSLTD-EQ
ICDSLTD,ICDS Limited,NSE:ICDSLTD-EQ
ICEMAKE,Ice Make Refrigeration Limited,NSE:ICEMAKE-EQ
ICICIAMC,ICICI Prudential Asset Management Company Limited,NSE:ICICIAMC-EQ
ICICIBANK,ICICI Bank Limited,NSE:ICICIBANK-EQ
ICICIGI,ICICI Lombard General Insurance Company Limited,NSE:ICICIGI-EQ
ICICIPRULI,ICICI Prudential Life Insurance Company Limited,NSE:ICICIPRULI-EQ
ICIL,Indo Count Industries Limited,NSE:ICIL-EQ
ICRA,ICRA Limited,NSE:ICRA-EQ
IDBI,IDBI Bank Limited,NSE:IDBI-EQ
IDEA,Vodafone Idea Limited,NSE:IDEA-EQ
IDEAFORGE,Ideaforge Technology Limited,NSE:IDEAFORGE-EQ
IDFCFIRSTB,IDFC First Bank Limited,NSE:IDFCFIRSTB-EQ
IEX,Indian Energy Exchange Limited,NSE:IEX-EQ
IFBAGRO,IFB Agro Industries Limited,NSE:IFBAGRO-EQ
IFBIND,IFB Industries Limited,NSE:IFBIND-EQ
IFCI,IFCI Limited,NSE:IFCI-EQ
IFGLEXPOR,IFGL Refractories Limited,NSE:IFGLEXPOR-EQ
IGARASHI,Igarashi Motors India Limited,NSE:IGARASHI-EQ
IGCL,Indogulf Cropsciences Limited,NSE:IGCL-EQ
IGIL,International Gemological Institute Limited,NSE:IGIL-EQ
IGL,Indraprastha Gas Limited,NSE:IGL-EQ
IGPL,IG Petrochemicals Limited,NSE:IGPL-EQ
IIFL,IIFL Finance Limited,NSE:IIFL-EQ
IIFLCAPS,IIFL Capital Services Limited,NSE:IIFLCAPS-EQ
IITL,Industrial Investment Trust Limited,NSE:IITL-EQ
IKIO,IKIO Technologies Limited,NSE:IKIO-EQ
IKS,Inventurus Knowledge Solutions Limited,NSE:IKS-EQ
IMAGICAA,Imagicaaworld Entertainment Limited,NSE:IMAGICAA-EQ
IMFA,Indian Metals & Ferro Alloys Limited,NSE:IMFA-EQ
IMPAL,India Motor Parts and Accessories Limited,NSE:IMPAL-EQ
INA,Insolation Energy Limited,NSE:INA-EQ
INCREDIBLE,INCREDIBLE INDUSTRIES LIMITED,NSE:INCREDIBLE-EQ
INDBANK,Indbank Merchant Banking Services Limited,NSE:INDBANK-EQ
INDGN,Indegene Limited,NSE:INDGN-EQ
INDHOTEL,The Indian Hotels Company Limited,NSE:INDHOTEL-EQ
INDIACEM,The India Cements Limited,NSE:INDIACEM-EQ
INDIAMART,Indiamart Intermesh Limited,NSE:INDIAMART-EQ
INDIANB,Indian Bank,NSE:INDIANB-EQ
INDIANCARD,Indian Card Clothing Company Limited,NSE:INDIANCARD-EQ
INDIANHUME,Indian Hume Pipe Company Limited,NSE:INDIANHUME-EQ
INDIASHLTR,India Shelter Finance Corporation Limited,NSE:INDIASHLTR-EQ
INDIGO,InterGlobe Aviation Limited,NSE:INDIGO-EQ
INDIGOPNTS,Indigo Paints Limited,NSE:INDIGOPNTS-EQ
INDIQUBE,Indiqube Spaces Limited,NSE:INDIQUBE-EQ
INDNIPPON,India Nippon Electricals Limited,NSE:INDNIPPON-EQ
INDOBORAX,Indo Borax & Chemicals Limited,NSE:INDOBORAX-EQ
INDOCO,Indoco Remedies Limited,NSE:INDOCO-EQ
INDOFARM,Indo Farm Equipment Limited,NSE:INDOFARM-EQ
INDOKEM,Indokem Limited,NSE:INDOKEM-EQ
INDOMIM,INDO-MIM Limited,NSE:INDOMIM-EQ
INDORAMA,Indo Rama Synthetics (India) Limited,NSE:INDORAMA-EQ
INDOSTAR,IndoStar Capital Finance Limited,NSE:INDOSTAR-EQ
INDOTECH,Indo Tech Transformers Limited,NSE:INDOTECH-EQ
INDOTHAI,Indo Thai Securities Limited,NSE:INDOTHAI-EQ
INDOUS,Indo Us Biotech Limited,NSE:INDOUS-EQ
INDOWIND,Indowind Energy Limited,NSE:INDOWIND-EQ
INDPRUD,Industrial & Prudential Investment Company Limited,NSE:INDPRUD-EQ
INDRAMEDCO,Indraprastha Medical Corporation Limited,NSE:INDRAMEDCO-EQ
INDSWFTLAB,Ind-Swift Laboratories Limited,NSE:INDSWFTLAB-EQ
INDTERRAIN,Indian Terrain Fashions Limited,NSE:INDTERRAIN-EQ
INDUSINDBK,IndusInd Bank Limited,NSE:INDUSINDBK-EQ
INDUSTOWER,Indus Towers Limited,NSE:INDUSTOWER-EQ
INFOBEAN,InfoBeans Technologies Limited,NSE:INFOBEAN-EQ
INFOMEDIA,Infomedia Press Limited,NSE:INFOMEDIA-EQ
INFY,Infosys Limited,NSE:INFY-EQ
INGERRAND,Ingersoll Rand (India) Limited,NSE:INGERRAND-EQ
INNOVACAP,Innova Captab Limited,NSE:INNOVACAP-EQ
INNOVANA,Innovana Thinklabs Limited,NSE:INNOVANA-EQ
INNOVISION,Innovision Limited,NSE:INNOVISION-EQ
INOXGREEN,Inox Green Energy Services Limited,NSE:INOXGREEN-EQ
INOXINDIA,INOX India Limited,NSE:INOXINDIA-EQ
INOXWIND,Inox Wind Limited,NSE:INOXWIND-EQ
INSECTICID,Insecticides (India) Limited,NSE:INSECTICID-EQ
INSPIRISYS,Inspirisys Solutions Limited,NSE:INSPIRISYS-EQ
INTELLECT,Intellect Design Arena Limited,NSE:INTELLECT-EQ
INTENTECH,Intense Technologies Limited,NSE:INTENTECH-EQ
INTERARCH,Interarch Building Solutions Limited,NSE:INTERARCH-EQ
INTLCONV,International Conveyors Limited,NSE:INTLCONV-EQ
INVENTURE,Inventure Growth & Securities Limited,NSE:INVENTURE-EQ
IOB,Indian Overseas Bank,NSE:IOB-EQ
IOC,Indian Oil Corporation Limited,NSE:IOC-EQ
IOLCP,IOL Chemicals and Pharmaceuticals Limited,NSE:IOLCP-EQ
IONEXCHANG,ION Exchange (India) Limited,NSE:IONEXCHANG-EQ
IPCALAB,IPCA Laboratories Limited,NSE:IPCALAB-EQ
IPL,India Pesticides Limited,NSE:IPL-EQ
IPRINGLTD,IP Rings Limited,NSE:IPRINGLTD-EQ
IRB,IRB Infrastructure Developers Limited,NSE:IRB-EQ
IRCON,Ircon International Limited,NSE:IRCON-EQ
IRCTC,Indian Railway Catering And Tourism Corporation Limited,NSE:IRCTC-EQ
IREDA,Indian Renewable Energy Development Agency Limited,NSE:IREDA-EQ
IRFC,Indian Railway Finance Corporation Limited,NSE:IRFC-EQ
IRIS,IRIS RegTech Solutions Limited,NSE:IRIS-EQ
IRISDOREME,Iris Clothings Limited,NSE:IRISDOREME-EQ
IRMENERGY,IRM Energy Limited,NSE:IRMENERGY-EQ
ISFT,Intrasoft Technologies Limited,NSE:ISFT-EQ
ISGEC,Isgec Heavy Engineering Limited,NSE:ISGEC-EQ
ISHANCH,Ishan Dyes and Chemicals Limited,NSE:ISHANCH-EQ
ISTLTD,I S T Limited,NSE:ISTLTD-EQ
ITC,ITC Limited,NSE:ITC-EQ
ITCHOTELS,ITC Hotels Limited,NSE:ITCHOTELS-EQ
ITDC,India Tourism Development Corporation Limited,NSE:ITDC-EQ
ITI,ITI Limited,NSE:ITI-EQ
ITL,ITL Industries Limited,NSE:ITL-EQ
IVALUE,Ivalue Infosolutions Limited,NSE:IVALUE-EQ
IVC,IL&FS Investment Managers Limited,NSE:IVC-EQ
IWP,The Indian Wood Products Company Limited,NSE:IWP-EQ
IXIGO,Le Travenues Technology Limited,NSE:IXIGO-EQ
IZMO,IZMO Limited,NSE:IZMO-EQ
J&KBANK,The Jammu & Kashmir Bank Limited,NSE:J&KBANK-EQ
JAGRAN,Jagran Prakashan Limited,NSE:JAGRAN-EQ
JAGSNPHARM,Jagsonpal Pharmaceuticals Limited,NSE:JAGSNPHARM-EQ
JAIBALAJI,Jai Balaji Industries Limited,NSE:JAIBALAJI-EQ
JAICORPLTD,Jai Corp Limited,NSE:JAICORPLTD-EQ
JAINREC,Jain Resource Recycling Limited,NSE:JAINREC-EQ
JAIPURKURT,Nandani Creation Limited,NSE:JAIPURKURT-EQ
JAMNAAUTO,Jamna Auto Industries Limited,NSE:JAMNAAUTO-EQ
JARO,Jaro Institute of Technology Management and Research Limited,NSE:JARO-EQ
JASH,Jash Engineering Limited,NSE:JASH-EQ
JAYAGROGN,Jayant Agro Organics Limited,NSE:JAYAGROGN-EQ
JAYBARMARU,Jay Bharat Maruti Limited,NSE:JAYBARMARU-EQ
JAYKAY,Jaykay Enterprises Limited,NSE:JAYKAY-EQ
JAYNECOIND,Jayaswal Neco Industries Limited,NSE:JAYNECOIND-EQ
JAYSREETEA,Jayshree Tea & Industries Limited,NSE:JAYSREETEA-EQ
JBMA,JBM Auto Limited,NSE:JBMA-EQ
JENBURPH,Jenburkt Pharmaceuticals Limited,NSE:JENBURPH-EQ
JETFREIGHT,Jet Freight Logistics Limited,NSE:JETFREIGHT-EQ
JGCHEM,J.G.Chemicals Limited,NSE:JGCHEM-EQ
JHS,JHS Svendgaard Laboratories Limited,NSE:JHS-EQ
JINDALPHOT,Jindal Photo Limited,NSE:JINDALPHOT-EQ
JINDALPOLY,Jindal Poly Films Limited,NSE:JINDALPOLY-EQ
JINDALSAW,Jindal Saw Limited,NSE:JINDALSAW-EQ
JINDALSTEL,JINDAL STEEL LIMITED,NSE:JINDALSTEL-EQ
JINDRILL,Jindal Drilling And Industries Limited,NSE:JINDRILL-EQ
JINDWORLD,Jindal Worldwide Limited,NSE:JINDWORLD-EQ
JIOFIN,Jio Financial Services Limited,NSE:JIOFIN-EQ
JISLDVREQS,Jain Irrigation Systems Limited,NSE:JISLDVREQS-EQ
JISLJALEQS,Jain Irrigation Systems Limited,NSE:JISLJALEQS-EQ
JITFINFRA,JITF Infralogistics Limited,NSE:JITFINFRA-EQ
JKCEMENT,JK Cement Limited,NSE:JKCEMENT-EQ
JKIL,J.Kumar Infraprojects Limited,NSE:JKIL-EQ
JKIPL,Jinkushal Industries Limited,NSE:JKIPL-EQ
JKLAKSHMI,JK Lakshmi Cement Limited,NSE:JKLAKSHMI-EQ
JKPAPER,JK Paper Limited,NSE:JKPAPER-EQ
JKTYRE,JK Tyre & Industries Limited,NSE:JKTYRE-EQ
JLHL,Jupiter Life Line Hospitals Limited,NSE:JLHL-EQ
JMA,Jullundur Motor Agency (Delhi) Limited,NSE:JMA-EQ
JMFINANCIL,JM Financial Limited,NSE:JMFINANCIL-EQ
JNKINDIA,JNK India Limited,NSE:JNKINDIA-EQ
JNPR,Juniper Green Energy Limited,NSE:JNPR-EQ
JOCIL,Jocil Limited,NSE:JOCIL-EQ
JPOLYINVST,Jindal Poly Investment and Finance Company Limited,NSE:JPOLYINVST-EQ
JPPOWER,Jaiprakash Power Ventures Limited,NSE:JPPOWER-EQ
JSFB,Jana Small Finance Bank Limited,NSE:JSFB-EQ
JSL,Jindal Stainless Limited,NSE:JSL-EQ
JSLL,Jeena Sikho Lifecare Limited,NSE:JSLL-EQ
JSWCEMENT,JSW Cement Limited,NSE:JSWCEMENT-EQ
JSWDULUX,JSW Dulux Limited,NSE:JSWDULUX-EQ
JSWENERGY,JSW Energy Limited,NSE:JSWENERGY-EQ
JSWHL,JSW Holdings Limited,NSE:JSWHL-EQ
JSWINFRA,JSW Infrastructure Limited,NSE:JSWINFRA-EQ
JSWSTEEL,JSW Steel Limited,NSE:JSWSTEEL-EQ
JTEKTINDIA,Jtekt India Limited,NSE:JTEKTINDIA-EQ
JTLIND,JTL INDUSTRIES LIMITED,NSE:JTLIND-EQ
JUBLCPL,Jubilant Agri and Consumer Products Limited,NSE:JUBLCPL-EQ
JUBLFOOD,Jubilant Foodworks Limited,NSE:JUBLFOOD-EQ
JUBLINGREA,Jubilant Ingrevia Limited,NSE:JUBLINGREA-EQ
JUBLPHARMA,Jubilant Pharmova Limited,NSE:JUBLPHARMA-EQ
JUNIPER,Juniper Hotels Limited,NSE:JUNIPER-EQ
JUSTDIAL,Just Dial Limited,NSE:JUSTDIAL-EQ
JWL,Jupiter Wagons Limited,NSE:JWL-EQ
JYOTHYLAB,Jyothy Labs Limited,NSE:JYOTHYLAB-EQ
JYOTICNC,Jyoti CNC Automation Limited,NSE:JYOTICNC-EQ
JYOTIRES,Jyoti Resins & Adhesives Limited,NSE:JYOTIRES-EQ
JYOTISTRUC,Jyoti Structures Limited,NSE:JYOTISTRUC-EQ
KABRAEXTRU,Kabra Extrusion Technik Limited,NSE:KABRAEXTRU-EQ
KAJARIACER,Kajaria Ceramics Limited,NSE:KAJARIACER-EQ
KAKATCEM,Kakatiya Cement Sugar & Industries Limited,NSE:KAKATCEM-EQ
KALAMANDIR,Sai Silks (Kalamandir) Limited,NSE:KALAMANDIR-EQ
KALPATARU,Kalpataru Limited,NSE:KALPATARU-EQ
KALYANKJIL,Kalyan Jewellers India Limited,NSE:KALYANKJIL-EQ
KAMAHOLD,Kama Holdings Limited,NSE:KAMAHOLD-EQ
KAMANWALA,Kamanwala Housing Construction Limited,NSE:KAMANWALA-EQ
KAMATHOTEL,Kamat Hotels (I) Limited,NSE:KAMATHOTEL-EQ
KAMOPAINTS,Kamdhenu Ventures Limited,NSE:KAMOPAINTS-EQ
KANANIIND,Kanani Industries Limited,NSE:KANANIIND-EQ
KANCHI,Kanchi Karpooram Limited,NSE:KANCHI-EQ
KANCOTEA,Kanco Tea & Industries Limited,NSE:KANCOTEA-EQ
KANPRPLA,Kanpur Plastipack Limited,NSE:KANPRPLA-EQ
KANSAINER,Kansai Nerolac Paints Limited,NSE:KANSAINER-EQ
KAPSTON,Kapston Services Limited,NSE:KAPSTON-EQ
KARMAENG,Karma Energy Limited,NSE:KARMAENG-EQ
KARURVYSYA,Karur Vysya Bank Limited,NSE:KARURVYSYA-EQ
KAVDEFENCE,Kavveri Defence & Wireless Technologies Limited,NSE:KAVDEFENCE-EQ
KAYNES,Kaynes Technology India Limited,NSE:KAYNES-EQ
KCP,KCP Limited,NSE:KCP-EQ
KDDL,KDDL Limited,NSE:KDDL-EQ
KDGREEN,KD Green Industries Limited,NSE:KDGREEN-EQ
KEC,KEC International Limited,NSE:KEC-EQ
KECL,Kirloskar Electric Company Limited,NSE:KECL-EQ
KEEPLEARN,DSJ Keep Learning Limited,NSE:KEEPLEARN-EQ
KEI,KEI Industries Limited,NSE:KEI-EQ
KELLTONTEC,Kellton Tech Solutions Limited,NSE:KELLTONTEC-EQ
KENNAMET,Kennametal India Limited,NSE:KENNAMET-EQ
KERNEX,Kernex Microsystems (India) Limited,NSE:KERNEX-EQ
KEYFINSERV,Keynote Financial Services Limited,NSE:KEYFINSERV-EQ
KFINTECH,Kfin Technologies Limited,NSE:KFINTECH-EQ
KHAICHEM,Khaitan Chemicals & Fertilizers Limited,NSE:KHAICHEM-EQ
KHAITANLTD,Khaitan (India) Limited,NSE:KHAITANLTD-EQ
KHANDSE,Khandwala Securities Limited,NSE:KHANDSE-EQ
KICL,Kalyani Investment Company Limited,NSE:KICL-EQ
KIMS,Krishna Institute of Medical Sciences Limited,NSE:KIMS-EQ
KINGFA,Kingfa Science & Technology (India) Limited,NSE:KINGFA-EQ
KIOCL,KIOCL Limited,NSE:KIOCL-EQ
KIRANVYPAR,Kiran Vyapar Limited,NSE:KIRANVYPAR-EQ
KIRIINDUS,Kiri Industries Limited,NSE:KIRIINDUS-EQ
KIRLFER,Kirloskar Ferrous Industries Limited,NSE:KIRLFER-EQ
KIRLOSBROS,Kirloskar Brothers Limited,NSE:KIRLOSBROS-EQ
KIRLOSENG,Kirloskar Oil Engines Limited,NSE:KIRLOSENG-EQ
KIRLOSIND,Kirloskar Industries Limited,NSE:KIRLOSIND-EQ
KIRLPNU,Kirloskar Pneumatic Company Limited,NSE:KIRLPNU-EQ
KISSHT,OnEMI Technology Solutions Limited,NSE:KISSHT-EQ
KITEX,Kitex Garments Limited,NSE:KITEX-EQ
KJMCFIN,KJMC Financial Services Limited,NSE:KJMCFIN-EQ
KKCL,Kewal Kiran Clothing Limited,NSE:KKCL-EQ
KLBRENG-B,Kilburn Engineering Limited,NSE:KLBRENG-B-EQ
KMCSHIL,K M C Speciality Hospitals (India) Limited,NSE:KMCSHIL-EQ
KMEW,Knowledge Marine & Engineering Works Limited,NSE:KMEW-EQ
KMSUGAR,K.M.Sugar Mills Limited,NSE:KMSUGAR-EQ
KNACK,Knack Packaging Limited,NSE:KNACK-EQ
KNAGRI,KN Agri Resources Limited,NSE:KNAGRI-EQ
KNRCON,KNR Constructions Limited,NSE:KNRCON-EQ
KOHINOOR,Kohinoor Foods Limited,NSE:KOHINOOR-EQ
KOKUYOCMLN,Kokuyo Camlin Limited,NSE:KOKUYOCMLN-EQ
KOLTEPATIL,Kolte - Patil Developers Limited,NSE:KOLTEPATIL-EQ
KOPRAN,Kopran Limited,NSE:KOPRAN-EQ
KOTAKBANK,Kotak Mahindra Bank Limited,NSE:KOTAKBANK-EQ
KOTHARIPET,Kothari Petrochemicals Limited,NSE:KOTHARIPET-EQ
KOTHARIPRO,Kothari Products Limited,NSE:KOTHARIPRO-EQ
KOTIC,Kothari Industrial Corporation Limited,NSE:KOTIC-EQ
KOVAI,Kovai Medical Center & Hospital Limited,NSE:KOVAI-EQ
KPEL,K.P. Energy Limited,NSE:KPEL-EQ
KPIGREEN,KPI Green Energy Limited,NSE:KPIGREEN-EQ
KPIL,Kalpataru Projects International Limited,NSE:KPIL-EQ
KPITTECH,KPIT Technologies Limited,NSE:KPITTECH-EQ
KPL,Kwality Pharmaceuticals Limited,NSE:KPL-EQ
KPRMILL,K.P.R. Mill Limited,NSE:KPRMILL-EQ
KRBL,KRBL Limited,NSE:KRBL-EQ
KREBSBIO,Krebs Biochemicals and Industries Limited,NSE:KREBSBIO-EQ
KRIDHANINF,Kridhan Infra Limited,NSE:KRIDHANINF-EQ
KRISHANA,Krishana Phoschem Limited,NSE:KRISHANA-EQ
KRISHIVAL,Krishival Foods Limited,NSE:KRISHIVAL-EQ
KRISHNADEF,Krishna Defence And Allied Industries Limited,NSE:KRISHNADEF-EQ
KRITI,Kriti Industries (India) Limited,NSE:KRITI-EQ
KRITIKA,Kritika Wires Limited,NSE:KRITIKA-EQ
KRITINUT,Kriti Nutrients Limited,NSE:KRITINUT-EQ
KRN,KRN Heat Exchanger and Refrigeration Limited,NSE:KRN-EQ
KROSS,Kross Limited,NSE:KROSS-EQ
KRSNAA,Krsnaa Diagnostics Limited,NSE:KRSNAA-EQ
KRYSTAL,Krystal Integrated Services Limited,NSE:KRYSTAL-EQ
KSB,Ksb Limited,NSE:KSB-EQ
KSCL,Kaveri Seed Company Limited,NSE:KSCL-EQ
KSE,KSE Limited,NSE:KSE-EQ
KSHINTL,KSH International Limited,NSE:KSHINTL-EQ
KSHITIJPOL,Kshitij Polyline Limited,NSE:KSHITIJPOL-EQ
KSL,Kalyani Steels Limited,NSE:KSL-EQ
KSOLVES,Ksolves India Limited,NSE:KSOLVES-EQ
KSR,KSR Footwear Limited,NSE:KSR-EQ
KTKBANK,The Karnataka Bank Limited,NSE:KTKBANK-EQ
KUANTUM,Kuantum Papers Limited,NSE:KUANTUM-EQ
KUSUMGAR,Kusumgar Limited,NSE:KUSUMGAR-EQ
KWIL,Kwality Wall's (India) Limited,NSE:KWIL-EQ
LADDERUP,Ladderup Finance Limited,NSE:LADDERUP-EQ
LAGNAM,Lagnam Spintex Limited,NSE:LAGNAM-EQ
LAHOTIOV,Lahoti Overseas Limited,NSE:LAHOTIOV-EQ
LAKSHMIMIL,Lakshmi Mills Company Limited,NSE:LAKSHMIMIL-EQ
LAL,Lorenzini Apparels Limited,NSE:LAL-EQ
LALITHAA,Lalithaa Jewellery Mart Limited,NSE:LALITHAA-EQ
LALPATHLAB,Dr. Lal Path Labs Ltd.,NSE:LALPATHLAB-EQ
LAMBODHARA,Lambodhara Textiles Limited,NSE:LAMBODHARA-EQ
LANCER,Lancer Container Lines Limited,NSE:LANCER-EQ
LANCORHOL,Lancor Holdings Limited,NSE:LANCORHOL-EQ
LANDMARK,Landmark Cars Limited,NSE:LANDMARK-EQ
LANDSMILL,Landsmill Green Limited,NSE:LANDSMILL-EQ
LAOPALA,La Opala RG Limited,NSE:LAOPALA-EQ
LASA,Lasa Supergenerics Limited,NSE:LASA-EQ
LASERPOWER,Laser Power & Infra Limited,NSE:LASERPOWER-EQ
LATENTVIEW,Latent View Analytics Limited,NSE:LATENTVIEW-EQ
LATTEYS,Latteys Industries Limited,NSE:LATTEYS-EQ
LAURUSLABS,Laurus Labs Limited,NSE:LAURUSLABS-EQ
LAXMICOT,Laxmi Cotspin Limited,NSE:LAXMICOT-EQ
LAXMIDENTL,Laxmi Dental Limited,NSE:LAXMIDENTL-EQ
LAXMIINDIA,Laxmi India Finance Limited,NSE:LAXMIINDIA-EQ
LCCINFOTEC,LCC Infotech Limited,NSE:LCCINFOTEC-EQ
LCL,Lohia Corp Limited,NSE:LCL-EQ
LEAPIND,LEAP India Limited,NSE:LEAPIND-EQ
LEMERITE,Le Merite Exports Limited,NSE:LEMERITE-EQ
LEMONTREE,Lemon Tree Hotels Limited,NSE:LEMONTREE-EQ
LENSKART,Lenskart Solutions Limited,NSE:LENSKART-EQ
LEXUS,Lexus Granito (India) Limited,NSE:LEXUS-EQ
LFIC,Lakshmi Finance & Industrial Corporation Limited,NSE:LFIC-EQ
LGBBROSLTD,LG Balakrishnan & Bros Limited,NSE:LGBBROSLTD-EQ
LGEINDIA,LG Electronics India Limited,NSE:LGEINDIA-EQ
LGHL,Laxmi Goldorna House Limited,NSE:LGHL-EQ
LIBAS,Libas Consumer Products Limited,NSE:LIBAS-EQ
LIBERTSHOE,Liberty Shoes Limited,NSE:LIBERTSHOE-EQ
LICHSGFIN,LIC Housing Finance Limited,NSE:LICHSGFIN-EQ
LICI,Life Insurance Corporation Of India,NSE:LICI-EQ
LIKHITHA,Likhitha Infrastructure Limited,NSE:LIKHITHA-EQ
LINC,Linc Limited,NSE:LINC-EQ
LINCOLN,Lincoln Pharmaceuticals Limited,NSE:LINCOLN-EQ
LINDEINDIA,Linde India Limited,NSE:LINDEINDIA-EQ
LKPSEC,LKP Securities Limited,NSE:LKPSEC-EQ
LLOYDSENGG,LLOYDS ENGINEERING WORKS LIMITED,NSE:LLOYDSENGG-EQ
LLOYDSENT,Lloyds Enterprises Limited,NSE:LLOYDSENT-EQ
LLOYDSME,Lloyds Metals And Energy Limited,NSE:LLOYDSME-EQ
LMW,LMW Limited,NSE:LMW-EQ
LODHA,Lodha Developers Limited,NSE:LODHA-EQ
LOKESHMACH,Lokesh Machines Limited,NSE:LOKESHMACH-EQ
LORDSCHLO,Lords Chloro Alkali Limited,NSE:LORDSCHLO-EQ
LOTUSCHO,Lotus Chocolate Company Limited,NSE:LOTUSCHO-EQ
LOTUSEYE,Lotus Eye Hospital and Institute Limited,NSE:LOTUSEYE-EQ
LOVABLE,Lovable Lingerie Limited,NSE:LOVABLE-EQ
LOYALTEX,Loyal Textile Mills Limited,NSE:LOYALTEX-EQ
LPDC,Landmark Property Development Company Limited,NSE:LPDC-EQ
LT,Larsen & Toubro Limited,NSE:LT-EQ
LTF,L&T Finance Limited,NSE:LTF-EQ
LTFOODS,LT Foods Limited,NSE:LTFOODS-EQ
LTM,LTM Limited,NSE:LTM-EQ
LTTS,L&T Technology Services Limited,NSE:LTTS-EQ
LUMAXIND,Lumax Industries Limited,NSE:LUMAXIND-EQ
LUMAXTECH,Lumax Auto Technologies Limited,NSE:LUMAXTECH-EQ
LUMINO,Lumino Industries Limited,NSE:LUMINO-EQ
LUPIN,Lupin Limited,NSE:LUPIN-EQ
LUXIND,Lux Industries Limited,NSE:LUXIND-EQ
LXCHEM,Laxmi Organic Industries Limited,NSE:LXCHEM-EQ
M&M,Mahindra & Mahindra Limited,NSE:M&M-EQ
M&MFIN,Mahindra & Mahindra Financial Services Limited,NSE:M&MFIN-EQ
MAANALU,Maan Aluminium Limited,NSE:MAANALU-EQ
MACPOWER,Macpower CNC Machines Limited,NSE:MACPOWER-EQ
MADHAV,Madhav Marbles and Granites Limited,NSE:MADHAV-EQ
MADHAVIPL,Madhav Infra Projects Limited,NSE:MADHAVIPL-EQ
MADRASFERT,Madras Fertilizers Limited,NSE:MADRASFERT-EQ
MAFATIND,Mafatlal Industries Limited,NSE:MAFATIND-EQ
MAGADSUGAR,Magadh Sugar & Energy Limited,NSE:MAGADSUGAR-EQ
MAGNUM,Magnum Ventures Limited,NSE:MAGNUM-EQ
MAHABANK,Bank of Maharashtra,NSE:MAHABANK-EQ
MAHAPEXLTD,Maha Rashtra Apex Corporation Limited,NSE:MAHAPEXLTD-EQ
MAHEPC,Mahindra EPC Irrigation Limited,NSE:MAHEPC-EQ
MAHLIFE,Mahindra Lifespace Developers Limited,NSE:MAHLIFE-EQ
MAHLOG,Mahindra Logistics Limited,NSE:MAHLOG-EQ
MAHSCOOTER,Maharashtra Scooters Limited,NSE:MAHSCOOTER-EQ
MAHSEAMLES,Maharashtra Seamless Limited,NSE:MAHSEAMLES-EQ
MAITHANALL,Maithan Alloys Limited,NSE:MAITHANALL-EQ
MAKERSL,Makers Laboratories Limited,NSE:MAKERSL-EQ
MALLCOM,Mallcom (India) Limited,NSE:MALLCOM-EQ
MALUPAPER,Malu Paper Mills Limited,NSE:MALUPAPER-EQ
MAMATA,Mamata Machinery Limited,NSE:MAMATA-EQ
MANAKALUCO,Manaksia Aluminium Company Limited,NSE:MANAKALUCO-EQ
MANAKCOAT,Manaksia Coated Metals & Industries Limited,NSE:MANAKCOAT-EQ
MANAKSIA,Manaksia Limited,NSE:MANAKSIA-EQ
MANALIPETC,Manali Petrochemicals Limited,NSE:MANALIPETC-EQ
MANAPPURAM,Manappuram Finance Limited,NSE:MANAPPURAM-EQ
MANBA,Manba Finance Limited,NSE:MANBA-EQ
MANCREDIT,Mangal Credit and Fincorp Limited,NSE:MANCREDIT-EQ
MANGALAM,Mangalam Drugs And Organics Limited,NSE:MANGALAM-EQ
MANGLMCEM,Mangalam Cement Limited,NSE:MANGLMCEM-EQ
MANINDS,Man Industries (India) Limited,NSE:MANINDS-EQ
MANINFRA,Man Infraconstruction Limited,NSE:MANINFRA-EQ
MANIPALHOS,Manipal Health Enterprises Limited,NSE:MANIPALHOS-EQ
MANKIND,Mankind Pharma Limited,NSE:MANKIND-EQ
MANOMAY,Manomay Tex India Limited,NSE:MANOMAY-EQ
MANORAMA,Manorama Industries Limited,NSE:MANORAMA-EQ
MANORG,Mangalam Organics Limited,NSE:MANORG-EQ
MANYAVAR,Vedant Fashions Limited,NSE:MANYAVAR-EQ
MAPMYINDIA,C.E. Info Systems Limited,NSE:MAPMYINDIA-EQ
MARALOVER,Maral Overseas Limited,NSE:MARALOVER-EQ
MARATHON,Marathon Nextgen Realty Limited,NSE:MARATHON-EQ
MARICO,Marico Limited,NSE:MARICO-EQ
MARINE,Marine Electricals (India) Limited,NSE:MARINE-EQ
MARKOLINES,Markolines Pavement Technologies Limited,NSE:MARKOLINES-EQ
MARKSANS,Marksans Pharma Limited,NSE:MARKSANS-EQ
MARSONS,Marsons Limited,NSE:MARSONS-EQ
MARUTI,Maruti Suzuki India Limited,NSE:MARUTI-EQ
MASFIN,MAS Financial Services Limited,NSE:MASFIN-EQ
MASKINVEST,Mask Investments Limited,NSE:MASKINVEST-EQ
MASTEK,Mastek Limited,NSE:MASTEK-EQ
MASTERTR,Master Trust Limited,NSE:MASTERTR-EQ
MATRIMONY,Matrimony.Com Limited,NSE:MATRIMONY-EQ
MAWANASUG,Mawana Sugars Limited,NSE:MAWANASUG-EQ
MAXESTATES,Max Estates Limited,NSE:MAXESTATES-EQ
MAXHEALTH,Max Healthcare Institute Limited,NSE:MAXHEALTH-EQ
MAXIND,Max India Limited,NSE:MAXIND-EQ
MAYURUNIQ,Mayur Uniquoters Ltd,NSE:MAYURUNIQ-EQ
MAZDOCK,Mazagon Dock Shipbuilders Limited,NSE:MAZDOCK-EQ
MBAPL,Madhya Bharat Agro Products Limited,NSE:MBAPL-EQ
MBEL,M & B Engineering Limited,NSE:MBEL-EQ
MBLINFRA,MBL Infrastructure Limited,NSE:MBLINFRA-EQ
MCCHRLS-B,Mac Charles India Limited,NSE:MCCHRLS-B-EQ
MCL,M TEK COPPER LIMITED,NSE:MCL-EQ
MCLEODRUSS,Mcleod Russel India Limited,NSE:MCLEODRUSS-EQ
MCLOUD,Magellanic Cloud Limited,NSE:MCLOUD-EQ
MCX,Multi Commodity Exchange of India Limited,NSE:MCX-EQ
MEDANTA,Global Health Limited,NSE:MEDANTA-EQ
MEDIASSIST,Medi Assist Healthcare Services Limited,NSE:MEDIASSIST-EQ
MEDICAMEQ,Medicamen Biotech Limited,NSE:MEDICAMEQ-EQ
MEDICAPQ,Medi Caps Limited,NSE:MEDICAPQ-EQ
MEDICO,Medico Remedies Limited,NSE:MEDICO-EQ
MEDPLUS,Medplus Health Services Limited,NSE:MEDPLUS-EQ
MEESHO,Meesho Limited,NSE:MEESHO-EQ
MEGASTAR,Megastar Foods Limited,NSE:MEGASTAR-EQ
MEIL,Mangal Electrical Industries Limited,NSE:MEIL-EQ
MENNPIS,Menon Pistons Limited,NSE:MENNPIS-EQ
MERCANTILE,Mercantile Ventures Limited,NSE:MERCANTILE-EQ
MERCURYEV,Mercury Ev-Tech Limited,NSE:MERCURYEV-EQ
METROBRAND,Metro Brands Limited,NSE:METROBRAND-EQ
METROGLOBL,Metroglobal Limited,NSE:METROGLOBL-EQ
METROPOLIS,Metropolis Healthcare Limited,NSE:METROPOLIS-EQ
MFML,Mahalaxmi Fabric Mills Limited,NSE:MFML-EQ
MFSL,Max Financial Services Limited,NSE:MFSL-EQ
MGEL,Mangalam Global Enterprise Limited,NSE:MGEL-EQ
MGL,Mahanagar Gas Limited,NSE:MGL-EQ
MHRIL,Mahindra Holidays & Resorts India Limited,NSE:MHRIL-EQ
MIDHANI,Mishra Dhatu Nigam Limited,NSE:MIDHANI-EQ
MIDWESTLTD,Midwest Limited,NSE:MIDWESTLTD-EQ
MIIL,Meghna Infracon Infrastructure Limited,NSE:MIIL-EQ
MILKYMIST,Milky Mist Dairy Food Limited,NSE:MILKYMIST-EQ
MINDACORP,Minda Corporation Limited,NSE:MINDACORP-EQ
MINDTECK,Mindteck (India) Limited,NSE:MINDTECK-EQ
MIRZAINT,Mirza International Limited,NSE:MIRZAINT-EQ
MITCON,MITCON Consultancy & Engineering Services Limited,NSE:MITCON-EQ
MITTAL,Mittal Life Style Limited,NSE:MITTAL-EQ
MKEXIM,M.K. Exim (India) Limited,NSE:MKEXIM-EQ
MKPL,M K Proteins Limited,NSE:MKPL-EQ
MLKFOOD,Milkfood Limited,NSE:MLKFOOD-EQ
MMFL,MM Forgings Limited,NSE:MMFL-EQ
MMP,MMP Industries Limited,NSE:MMP-EQ
MMTC,MMTC Limited,NSE:MMTC-EQ
MMWL,Media Matrix Worldwide Limited,NSE:MMWL-EQ
MOBIKWIK,One Mobikwik Systems Limited,NSE:MOBIKWIK-EQ
MODINATUR,Modi Naturals Limited,NSE:MODINATUR-EQ
MODIRUBBER,Modi Rubber Limited,NSE:MODIRUBBER-EQ
MODIS,Modis Navnirman Limited,NSE:MODIS-EQ
MODISONLTD,MODISON LIMITED,NSE:MODISONLTD-EQ
MODTHREAD,Modern Threads (India) Limited,NSE:MODTHREAD-EQ
MOHITE,Mohite Industries Limited,NSE:MOHITE-EQ
MOHITIND,Mohit Industries Limited,NSE:MOHITIND-EQ
MOIL,MOIL Limited,NSE:MOIL-EQ
MOKSH,Moksh Ornaments Limited,NSE:MOKSH-EQ
MOL,Meghmani Organics Limited,NSE:MOL-EQ
MOLBIO,Molbio Diagnostics Limited,NSE:MOLBIO-EQ
MOLDTKPAC,Mold-Tek Packaging Limited,NSE:MOLDTKPAC-EQ
MONARCH,Monarch Networth Capital Limited,NSE:MONARCH-EQ
MONEYBOXX,Moneyboxx Finance Limited,NSE:MONEYBOXX-EQ
MONTECARLO,Monte Carlo Fashions Limited,NSE:MONTECARLO-EQ
MOREPENLAB,Morepen Laboratories Limited,NSE:MOREPENLAB-EQ
MOSCHIP,Moschip Technologies Limited,NSE:MOSCHIP-EQ
MOTHERSON,Samvardhana Motherson International Limited,NSE:MOTHERSON-EQ
MOTILALOFS,Motilal Oswal Financial Services Limited,NSE:MOTILALOFS-EQ
MOTISONS,Motisons Jewellers Limited,NSE:MOTISONS-EQ
MOTOGENFIN,The Motor & General Finance Limited,NSE:MOTOGENFIN-EQ
MPHASIS,MphasiS Limited,NSE:MPHASIS-EQ
MPSLTD,MPS Limited,NSE:MPSLTD-EQ
MRF,MRF Limited,NSE:MRF-EQ
MRPL,Mangalore Refinery and Petrochemicals Limited,NSE:MRPL-EQ
MSL,Mangalam Seeds Limited,NSE:MSL-EQ
MSPL,MSP Steel & Power Limited,NSE:MSPL-EQ
MSTCLTD,Mstc Limited,NSE:MSTCLTD-EQ
MSUMI,Motherson Sumi Wiring India Limited,NSE:MSUMI-EQ
MTNL,Mahanagar Telephone Nigam Limited,NSE:MTNL-EQ
MUFIN,Mufin Green Finance Limited,NSE:MUFIN-EQ
MUFTI,Credo Brands Marketing Limited,NSE:MUFTI-EQ
MUKANDLTD,Mukand Limited,NSE:MUKANDLTD-EQ
MUKESHB,Mukesh Babu Financial Services Limited,NSE:MUKESHB-EQ
MUKKA,Mukka Proteins Limited,NSE:MUKKA-EQ
MUNJALAU,Munjal Auto Industries Limited,NSE:MUNJALAU-EQ
MUNJALSHOW,Munjal Showa Limited,NSE:MUNJALSHOW-EQ
MURUDCERA,Murudeshwar Ceramics Limited,NSE:MURUDCERA-EQ
MUTHOOTCAP,Muthoot Capital Services Limited,NSE:MUTHOOTCAP-EQ
MUTHOOTFIN,Muthoot Finance Limited,NSE:MUTHOOTFIN-EQ
MUTHOOTMF,Muthoot Microfin Limited,NSE:MUTHOOTMF-EQ
MVELECTRO,MV Electrosystems Limited,NSE:MVELECTRO-EQ
MVGJL,Manoj Vaibhav Gems N Jewellers Limited,NSE:MVGJL-EQ
MWL,Mangalam Worldwide Limited,NSE:MWL-EQ
NACLIND,NACL Industries Limited,NSE:NACLIND-EQ
NAGREEKCAP,Nagreeka Capital & Infrastructure Limited,NSE:NAGREEKCAP-EQ
NAGREEKEXP,Nagreeka Exports Limited,NSE:NAGREEKEXP-EQ
NAHARCAP,Nahar Capital and Financial Services Limited,NSE:NAHARCAP-EQ
NAHARINDUS,Nahar Industrial Enterprises Limited,NSE:NAHARINDUS-EQ
NAHARPOLY,Nahar Poly Films Limited,NSE:NAHARPOLY-EQ
NAHARSPING,Nahar Spinning Mills Limited,NSE:NAHARSPING-EQ
NAM-INDIA,Nippon Life India Asset Management Limited,NSE:NAM-INDIA-EQ
NARMADA,Narmada Agrobase Limited,NSE:NARMADA-EQ
NATCOPHARM,Natco Pharma Limited,NSE:NATCOPHARM-EQ
NATHBIOGEN,Nath Bio-Genes (India) Limited,NSE:NATHBIOGEN-EQ
NATIONALUM,National Aluminium Company Limited,NSE:NATIONALUM-EQ
NATIONSTD,National Standard (India) Limited,NSE:NATIONSTD-EQ
NAUKRI,Info Edge (India) Limited,NSE:NAUKRI-EQ
NAVA,NAVA LIMITED,NSE:NAVA-EQ
NAVINFLUOR,Navin Fluorine International Limited,NSE:NAVINFLUOR-EQ
NAVKARCORP,Navkar Corporation Limited,NSE:NAVKARCORP-EQ
NAVNETEDUL,Navneet Education Limited,NSE:NAVNETEDUL-EQ
NAZARA,Nazara Technologies Limited,NSE:NAZARA-EQ
NBCC,NBCC (India) Limited,NSE:NBCC-EQ
NBIFIN,N. B. I. Industrial Finance Company Limited,NSE:NBIFIN-EQ
NCC,NCC Limited,NSE:NCC-EQ
NCLIND,NCL Industries Limited,NSE:NCLIND-EQ
NDGL,Naga Dhunseri Group Limited,NSE:NDGL-EQ
NDL,Nandan Denim Limited,NSE:NDL-EQ
NDLVENTURE,NDL Ventures Limited,NSE:NDLVENTURE-EQ
NDRAUTO,Ndr Auto Components Limited,NSE:NDRAUTO-EQ
NDTV,New Delhi Television Limited,NSE:NDTV-EQ
NEAGI,Neelamalai Agro Industries Limited,NSE:NEAGI-EQ
NECLIFE,Nectar Lifesciences Limited,NSE:NECLIFE-EQ
NELCAST,Nelcast Limited,NSE:NELCAST-EQ
NELCO,NELCO Limited,NSE:NELCO-EQ
NEOGEN,Neogen Chemicals Limited,NSE:NEOGEN-EQ
NEPHROPLUS,Nephrocare Health Services Limited,NSE:NEPHROPLUS-EQ
NESCO,Nesco Limited,NSE:NESCO-EQ
NESTLEIND,Nestle India Limited,NSE:NESTLEIND-EQ
NETWEB,Netweb Technologies India Limited,NSE:NETWEB-EQ
NETWORK18,Network18 Media & Investments Limited,NSE:NETWORK18-EQ
NEULANDLAB,Neuland Laboratories Limited,NSE:NEULANDLAB-EQ
NEWGEN,Newgen Software Technologies Limited,NSE:NEWGEN-EQ
NEXTMEDIA,Next Mediaworks Limited,NSE:NEXTMEDIA-EQ
NFL,National Fertilizers Limited,NSE:NFL-EQ
NGIL,Nakoda Group of Industries Limited,NSE:NGIL-EQ
NGLFINE,NGL Fine-Chem Limited,NSE:NGLFINE-EQ
NH,Narayana Hrudayalaya Ltd.,NSE:NH-EQ
NHPC,NHPC Limited,NSE:NHPC-EQ
NIACL,The New India Assurance Company Limited,NSE:NIACL-EQ
NIBE,NIBE Limited,NSE:NIBE-EQ
NIBL,NRB Industrial Bearings Limited,NSE:NIBL-EQ
NICCOPAR,Nicco Parks & Resorts Limited,NSE:NICCOPAR-EQ
NIITLTD,NIIT Limited,NSE:NIITLTD-EQ
NIITMTS,NIIT Learning Systems Limited,NSE:NIITMTS-EQ
NILAINFRA,Nila Infrastructures Limited,NSE:NILAINFRA-EQ
NILASPACES,Nila Spaces Limited,NSE:NILASPACES-EQ
NILE,Nile Limited,NSE:NILE-EQ
NILKAMAL,Nilkamal Limited,NSE:NILKAMAL-EQ
NIMBSPROJ,Nimbus Projects Limited,NSE:NIMBSPROJ-EQ
NINSYS,NINtec Systems Limited,NSE:NINSYS-EQ
NIPPOBATRY,Indo-National Limited,NSE:NIPPOBATRY-EQ
NIRAJ,Niraj Cement Structurals Limited,NSE:NIRAJ-EQ
NIRLON,Nirlon Limited,NSE:NIRLON-EQ
NITCO,Nitco Limited,NSE:NITCO-EQ
NITINSPIN,Nitin Spinners Limited,NSE:NITINSPIN-EQ
NITIRAJ,Nitiraj Engineers Limited,NSE:NITIRAJ-EQ
NITTAGELA,Nitta Gelatin India Limited,NSE:NITTAGELA-EQ
NIVABUPA,Niva Bupa Health Insurance Company Limited,NSE:NIVABUPA-EQ
NKIND,NK Industries Limited,NSE:NKIND-EQ
NLCINDIA,NLC India Limited,NSE:NLCINDIA-EQ
NMDC,NMDC Limited,NSE:NMDC-EQ
NOCIL,NOCIL Limited,NSE:NOCIL-EQ
NOIDATOLL,Noida Toll Bridge Company Limited,NSE:NOIDATOLL-EQ
NORBTEAEXP,Norben Tea & Exports Limited,NSE:NORBTEAEXP-EQ
NORTHARC,Northern Arc Capital Limited,NSE:NORTHARC-EQ
NOVARTIND,Novartis India Limited,NSE:NOVARTIND-EQ
NPST,Network People Services Technologies Limited,NSE:NPST-EQ
NRAIL,N R Agarwal Industries Limited,NSE:NRAIL-EQ
NRBBEARING,NRB Bearing Limited,NSE:NRBBEARING-EQ
NSIL,Nalwa Sons Investments Limited,NSE:NSIL-EQ
NSLNISP,NMDC Steel Limited,NSE:NSLNISP-EQ
NTCIND,NTC Industries Limited,NSE:NTCIND-EQ
NTPC,NTPC Limited,NSE:NTPC-EQ
NTPCGREEN,NTPC Green Energy Limited,NSE:NTPCGREEN-EQ
NUCLEUS,Nucleus Software Exports Limited,NSE:NUCLEUS-EQ
NUVAMA,Nuvama Wealth Management Limited,NSE:NUVAMA-EQ
NUVOCO,Nuvoco Vistas Corporation Limited,NSE:NUVOCO-EQ
NYKAA,FSN E-Commerce Ventures Limited,NSE:NYKAA-EQ
OAL,Oriental Aromatics Limited,NSE:OAL-EQ
OBCL,OBCL Limited,NSE:OBCL-EQ
OBEROIRLTY,Oberoi Realty Limited,NSE:OBEROIRLTY-EQ
ODIGMA,Odigma Consultancy Solutions Limited,NSE:ODIGMA-EQ
ODYCORP,Odyssey Corporation Limited,NSE:ODYCORP-EQ
OFSS,Oracle Financial Services Software Limited,NSE:OFSS-EQ
OIL,Oil India Limited,NSE:OIL-EQ
OLAELEC,Ola Electric Mobility Limited,NSE:OLAELEC-EQ
OLECTRA,Olectra Greentech Limited,NSE:OLECTRA-EQ
OMAXAUTO,Omax Autos Limited,NSE:OMAXAUTO-EQ
OMAXE,Omaxe Limited,NSE:OMAXE-EQ
OMINFRAL,OM INFRA LIMITED,NSE:OMINFRAL-EQ
OMNI,Omnitech Engineering Limited,NSE:OMNI-EQ
OMPOWER,Om Power Transmission Limited,NSE:OMPOWER-EQ
ONEGLOBAL,One Global Service Provider Limited,NSE:ONEGLOBAL-EQ
ONEPOINT,One Point One Solutions Limited,NSE:ONEPOINT-EQ
ONESOURCE,Onesource Specialty Pharma Limited,NSE:ONESOURCE-EQ
ONGC,Oil & Natural Gas Corporation Limited,NSE:ONGC-EQ
ONIDA,Onida Electronics Limited,NSE:ONIDA-EQ
ONIXSOLAR,Onix Solar Energy Limited,NSE:ONIXSOLAR-EQ
ONWARDTEC,Onward Technologies Limited,NSE:ONWARDTEC-EQ
OPTIEMUS,Optiemus Infracom Limited,NSE:OPTIEMUS-EQ
OPTIFIN,Optimus Finance Limited,NSE:OPTIFIN-EQ
ORCHASP,Orchasp Limited,NSE:ORCHASP-EQ
ORCHPHARMA,Orchid Pharma Limited,NSE:ORCHPHARMA-EQ
ORICONENT,Oricon Enterprises Limited,NSE:ORICONENT-EQ
ORIENTALTL,Oriental Trimex Limited,NSE:ORIENTALTL-EQ
ORIENTBELL,Orient Bell Limited,NSE:ORIENTBELL-EQ
ORIENTCEM,Orient Cement Limited,NSE:ORIENTCEM-EQ
ORIENTCER,ORIENT CERATECH LIMITED,NSE:ORIENTCER-EQ
ORIENTELEC,Orient Electric Limited,NSE:ORIENTELEC-EQ
ORIENTHOT,Oriental Hotels Limited,NSE:ORIENTHOT-EQ
ORIENTPPR,Orient Paper & Industries Limited,NSE:ORIENTPPR-EQ
ORIENTTECH,Orient Technologies Limited,NSE:ORIENTTECH-EQ
ORIRAIL,Oriental Rail Infrastructure Limited,NSE:ORIRAIL-EQ
ORISSAMINE,The Orissa Minerals Development Company Limited,NSE:ORISSAMINE-EQ
ORKLAINDIA,Orkla India Limited,NSE:ORKLAINDIA-EQ
ORTINGLOBE,ORTIN GLOBAL LIMITED,NSE:ORTINGLOBE-EQ
OSWALAGRO,Oswal Agro Mills Limited,NSE:OSWALAGRO-EQ
OSWALGREEN,Oswal Greentech Limited,NSE:OSWALGREEN-EQ
OSWALPUMPS,Oswal Pumps Limited,NSE:OSWALPUMPS-EQ
OSWALSEEDS,ShreeOswal Seeds And Chemicals Limited,NSE:OSWALSEEDS-EQ
PACEDIGITK,Pace Digitek Limited,NSE:PACEDIGITK-EQ
PACIFICI,Pacific Industries Limited,NSE:PACIFICI-EQ
PAGEIND,Page Industries Limited,NSE:PAGEIND-EQ
PAISALO,Paisalo Digital Limited,NSE:PAISALO-EQ
PAKKA,PAKKA LIMITED,NSE:PAKKA-EQ
PALASHSECU,Palash Securities Limited,NSE:PALASHSECU-EQ
PALREDTEC,Palred Technologies Limited,NSE:PALREDTEC-EQ
PANACEABIO,Panacea Biotec Limited,NSE:PANACEABIO-EQ
PANAMAPET,Panama Petrochem Limited,NSE:PANAMAPET-EQ
PANCHMAHQ,Panchmahal Steel Limited,NSE:PANCHMAHQ-EQ
PANORAMA,Panorama Studios International Limited,NSE:PANORAMA-EQ
PANSARI,Pansari Developers Limited,NSE:PANSARI-EQ
PARACABLES,Paramount Communications Limited,NSE:PARACABLES-EQ
PARADEEP,Paradeep Phosphates Limited,NSE:PARADEEP-EQ
PARAGMILK,Parag Milk Foods Limited,NSE:PARAGMILK-EQ
PARAS,Paras Defence and Space Technologies Limited,NSE:PARAS-EQ
PARASPETRO,Paras Petrofils Limited,NSE:PARASPETRO-EQ
PARKHOSPS,Park Medi World Limited,NSE:PARKHOSPS-EQ
PARKHOTELS,Apeejay Surrendra Park Hotels Limited,NSE:PARKHOTELS-EQ
PARNAXLAB,Parnax Lab Limited,NSE:PARNAXLAB-EQ
PASHUPATI,Pashupati Cotspin Limited,NSE:PASHUPATI-EQ
PATANJALI,Patanjali Foods Limited,NSE:PATANJALI-EQ
PATELENG,Patel Engineering Limited,NSE:PATELENG-EQ
PATELRMART,Patel Retail Limited,NSE:PATELRMART-EQ
PAUSHAKLTD,Paushak Limited,NSE:PAUSHAKLTD-EQ
PAVNAIND,Pavna Industries Limited,NSE:PAVNAIND-EQ
PAYTM,One 97 Communications Limited,NSE:PAYTM-EQ
PBMPOLY,PBM Polytex Limited,NSE:PBMPOLY-EQ
PCBL,PCBL Chemical Limited,NSE:PCBL-EQ
PCJEWELLER,PC Jeweller Limited,NSE:PCJEWELLER-EQ
PDMJEPAPER,Pudumjee Paper Products Limited,NSE:PDMJEPAPER-EQ
PDSL,PDS Limited,NSE:PDSL-EQ
PEARLPOLY,Pearl Polymers Limited,NSE:PEARLPOLY-EQ
PENIND,Pennar Industries Limited,NSE:PENIND-EQ
PENINLAND,Peninsula Land Limited,NSE:PENINLAND-EQ
PERMAGN,Permanent Magnets Limited,NSE:PERMAGN-EQ
PERNIASPOP,Purple Style Labs Limited,NSE:PERNIASPOP-EQ
PERSISTENT,Persistent Systems Limited,NSE:PERSISTENT-EQ
PETRONET,Petronet LNG Limited,NSE:PETRONET-EQ
PFC,Power Finance Corporation Limited,NSE:PFC-EQ
PFIZER,Pfizer Limited,NSE:PFIZER-EQ
PFOCUS,Prime Focus Limited,NSE:PFOCUS-EQ
PFS,PTC India Financial Services Limited,NSE:PFS-EQ
PGEL,PG Electroplast Limited,NSE:PGEL-EQ
PGHH,Procter & Gamble Hygiene and Health Care Limited,NSE:PGHH-EQ
PGHL,Procter & Gamble Health Limited,NSE:PGHL-EQ
PGIL,Pearl Global Industries Limited,NSE:PGIL-EQ
PHOENIXLTD,The Phoenix Mills Limited,NSE:PHOENIXLTD-EQ
PHOENXINTL,Phoenix International Limited,NSE:PHOENXINTL-EQ
PICCADIL,Piccadily Agro Industries Limited,NSE:PICCADIL-EQ
PIDILITIND,Pidilite Industries Limited,NSE:PIDILITIND-EQ
PIGL,Power & Instrumentation (Gujarat) Limited,NSE:PIGL-EQ
PIIND,PI Industries Limited,NSE:PIIND-EQ
PILANIINVS,Pilani Investment and Industries Corporation Limited,NSE:PILANIINVS-EQ
PILITA,PIL ITALICA LIFESTYLE LIMITED,NSE:PILITA-EQ
PINELABS,Pine Labs Limited,NSE:PINELABS-EQ
PIONEEREMB,Pioneer Embroideries Limited,NSE:PIONEEREMB-EQ
PIRAMALFIN,Piramal Finance Limited,NSE:PIRAMALFIN-EQ
PITTIENG,Pitti Engineering Limited,NSE:PITTIENG-EQ
PIXTRANS,Pix Transmissions Limited,NSE:PIXTRANS-EQ
PKTEA,The Peria Karamalai Tea & Produce Company Limited,NSE:PKTEA-EQ
PLASTIBLEN,Plastiblends India Limited,NSE:PLASTIBLEN-EQ
PLATIND,Platinum Industries Limited,NSE:PLATIND-EQ
PLAZACABLE,Plaza Wires Limited,NSE:PLAZACABLE-EQ
PML,Paul Merchants Limited,NSE:PML-EQ
PNB,Punjab National Bank,NSE:PNB-EQ
PNBGILTS,PNB Gilts Limited,NSE:PNBGILTS-EQ
PNBHOUSING,PNB Housing Finance Limited,NSE:PNBHOUSING-EQ
PNC,Pritish Nandy Communications Limited,NSE:PNC-EQ
PNCINFRA,PNC Infratech Limited,NSE:PNCINFRA-EQ
PNGJL,P N Gadgil Jewellers Limited,NSE:PNGJL-EQ
PNGSREVA,PNGS Reva Diamond Jewellery Limited,NSE:PNGSREVA-EQ
POCL,Pondy Oxides & Chemicals Limited,NSE:POCL-EQ
PODDARMENT,Poddar Pigments Limited,NSE:PODDARMENT-EQ
POEL,POCL Enterprises Limited,NSE:POEL-EQ
POKARNA,Pokarna Limited,NSE:POKARNA-EQ
POLICYBZR,PB Fintech Limited,NSE:POLICYBZR-EQ
POLYCAB,Polycab India Limited,NSE:POLYCAB-EQ
POLYMED,Poly Medicure Limited,NSE:POLYMED-EQ
POLYPLEX,Polyplex Corporation Limited,NSE:POLYPLEX-EQ
POLYSPIN,Polyspin Exports Limited,NSE:POLYSPIN-EQ
PONNIERODE,Ponni Sugars (Erode) Limited,NSE:PONNIERODE-EQ
POONAWALLA,Poonawalla Fincorp Limited,NSE:POONAWALLA-EQ
POWERGRID,Power Grid Corporation of India Limited,NSE:POWERGRID-EQ
POWERICA,Powerica Limited,NSE:POWERICA-EQ
POWERINDIA,Hitachi Energy India Limited,NSE:POWERINDIA-EQ
POWERMECH,Power Mech Projects Limited,NSE:POWERMECH-EQ
PPLPHARMA,Piramal Pharma Limited,NSE:PPLPHARMA-EQ
PRABHA,Prabha Energy Limited,NSE:PRABHA-EQ
PRAENG,Prajay Engineers Syndicate Limited,NSE:PRAENG-EQ
PRAJIND,Praj Industries Limited,NSE:PRAJIND-EQ
PRAKASH,Prakash Industries Limited,NSE:PRAKASH-EQ
PRAKASHSTL,Prakash Steelage Limited,NSE:PRAKASHSTL-EQ
PRAVEG,Praveg Limited,NSE:PRAVEG-EQ
PRAXIS,Praxis Home Retail Limited,NSE:PRAXIS-EQ
PRECAM,Precision Camshafts Limited,NSE:PRECAM-EQ
PRECOT,Precot Limited,NSE:PRECOT-EQ
PRECWIRE,Precision Wires India Limited,NSE:PRECWIRE-EQ
PREMCO,Premco Global Limited,NSE:PREMCO-EQ
PREMEXPLN,Premier Explosives Limited,NSE:PREMEXPLN-EQ
PREMIERENE,Premier Energies Limited,NSE:PREMIERENE-EQ
PREMIERPOL,Premier Polyfilm Limited,NSE:PREMIERPOL-EQ
PRESTIGE,Prestige Estates Projects Limited,NSE:PRESTIGE-EQ
PRICOLLTD,Pricol Limited,NSE:PRICOLLTD-EQ
PRIMESECU,Prime Securities Limited,NSE:PRIMESECU-EQ
PRIMO,Primo Chemicals Limited,NSE:PRIMO-EQ
PRINCEPIPE,Prince Pipes And Fittings Limited,NSE:PRINCEPIPE-EQ
PRISMX,Prismx Global Ventures Limited,NSE:PRISMX-EQ
PRIVISCL,Privi Speciality Chemicals Limited,NSE:PRIVISCL-EQ
PROSTARM,Prostarm Info Systems Limited,NSE:PROSTARM-EQ
PROTEAN,Protean eGov Technologies Limited,NSE:PROTEAN-EQ
PROZONER,Prozone Realty Limited,NSE:PROZONER-EQ
PRSMJOHNSN,Prism Johnson Limited,NSE:PRSMJOHNSN-EQ
PRUDENT,Prudent Corporate Advisory Services Limited,NSE:PRUDENT-EQ
PSB,Punjab & Sind Bank,NSE:PSB-EQ
PSPPROJECT,PSP Projects Limited,NSE:PSPPROJECT-EQ
PTC,PTC India Limited,NSE:PTC-EQ
PTCIL,PTC Industries Limited,NSE:PTCIL-EQ
PTL,PTL Enterprises Limited,NSE:PTL-EQ
PUNJABCHEM,Punjab Chemicals & Crop Protection Limited,NSE:PUNJABCHEM-EQ
PURVA,Puravankara Limited,NSE:PURVA-EQ
PVP,PVP Ventures Limited,NSE:PVP-EQ
PVRINOX,PVR INOX Limited,NSE:PVRINOX-EQ
PVSL,Popular Vehicles and Services Limited,NSE:PVSL-EQ
PWL,Physicswallah Limited,NSE:PWL-EQ
PYRAMID,Pyramid Technoplast Limited,NSE:PYRAMID-EQ
QPOWER,Quality Power Electrical Equipments Limited,NSE:QPOWER-EQ
QUADFUTURE,Quadrant Future Tek Limited,NSE:QUADFUTURE-EQ
QUESS,Quess Corp Limited,NSE:QUESS-EQ
QUICKHEAL,Quick Heal Technologies Limited,NSE:QUICKHEAL-EQ
QUINT,Quint Digital Limited,NSE:QUINT-EQ
RACE,Race Eco Chain Limited,NSE:RACE-EQ
RACLGEAR,RACL Geartech Limited,NSE:RACLGEAR-EQ
RADAAN,Radaan Mediaworks India Limited,NSE:RADAAN-EQ
RADHIKAJWE,Radhika Jeweltech Limited,NSE:RADHIKAJWE-EQ
RADIANTCMS,Radiant Cash Management Services Limited,NSE:RADIANTCMS-EQ
RADICO,Radico Khaitan Limited,NSE:RADICO-EQ
RADIOCITY,Music Broadcast Limited,NSE:RADIOCITY-EQ
RAILTEL,Railtel Corporation Of India Limited,NSE:RAILTEL-EQ
RAIN,Rain Industries Limited,NSE:RAIN-EQ
RAINBOW,Rainbow Childrens Medicare Limited,NSE:RAINBOW-EQ
RAJMET,Rajnandini Metal Limited,NSE:RAJMET-EQ
RAJPALAYAM,Rajapalayam Mills Limited,NSE:RAJPALAYAM-EQ
RAJRATAN,Rajratan Global Wire Limited,NSE:RAJRATAN-EQ
RAJSREESUG,Rajshree Sugars & Chemicals Limited,NSE:RAJSREESUG-EQ
RAJTV,Raj Television Network Limited,NSE:RAJTV-EQ
RALLIS,Rallis India Limited,NSE:RALLIS-EQ
RAMANEWS,Shree Rama Newsprint Limited,NSE:RAMANEWS-EQ
RAMAPHO,Rama Phosphates Limited,NSE:RAMAPHO-EQ
RAMBHAJO,Advit Jewels Limited,NSE:RAMBHAJO-EQ
RAMCOCEM,The Ramco Cements Limited,NSE:RAMCOCEM-EQ
RAMCOIND,Ramco Industries Limited,NSE:RAMCOIND-EQ
RAMCOSYS,Ramco Systems Limited,NSE:RAMCOSYS-EQ
RAMKY,Ramky Infrastructure Limited,NSE:RAMKY-EQ
RAMRAT,Ram Ratna Wires Limited,NSE:RAMRAT-EQ
RANASUG,Rana Sugars Limited,NSE:RANASUG-EQ
RANEHOLDIN,Rane Holdings Limited,NSE:RANEHOLDIN-EQ
RATEGAIN,Rategain Travel Technologies Limited,NSE:RATEGAIN-EQ
RATNAMANI,Ratnamani Metals & Tubes Limited,NSE:RATNAMANI-EQ
RATNAVEER,Ratnaveer Precision Engineering Limited,NSE:RATNAVEER-EQ
RAYMOND,Raymond Limited,NSE:RAYMOND-EQ
RAYMONDLSL,Raymond Lifestyle Limited,NSE:RAYMONDLSL-EQ
RAYMONDREL,Raymond Realty Limited,NSE:RAYMONDREL-EQ
RBA,Restaurant Brands Asia Limited,NSE:RBA-EQ
RBLBANK,RBL Bank Limited,NSE:RBLBANK-EQ
RCF,Rashtriya Chemicals and Fertilizers Limited,NSE:RCF-EQ
RECLTD,REC Limited,NSE:RECLTD-EQ
REDINGTON,Redington Limited,NSE:REDINGTON-EQ
REDTAPE,Redtape Limited,NSE:REDTAPE-EQ
REFEX,Refex Industries Limited,NSE:REFEX-EQ
REGAAL,Regaal Resources Limited,NSE:REGAAL-EQ
REGENCERAM,Regency Ceramics Limited,NSE:REGENCERAM-EQ
RELAXO,Relaxo Footwears Limited,NSE:RELAXO-EQ
RELCHEMQ,Reliance Chemotex Industries Limited,NSE:RELCHEMQ-EQ
RELIABLE,Reliable Data Services Limited,NSE:RELIABLE-EQ
RELIANCE,Reliance Industries Limited,NSE:RELIANCE-EQ
RELIGARE,Religare Enterprises Limited,NSE:RELIGARE-EQ
RELTD,Ravindra Energy Limited,NSE:RELTD-EQ
REMSONSIND,Remsons Industries Limited,NSE:REMSONSIND-EQ
RENUKA,Shree Renuka Sugars Limited,NSE:RENUKA-EQ
REPCOHOME,Repco Home Finance Limited,NSE:REPCOHOME-EQ
REPRO,Repro India Limited,NSE:REPRO-EQ
RESPONIND,Responsive Industries Limited,NSE:RESPONIND-EQ
RETAIL,JHS Svendgaard Retail Ventures Limited,NSE:RETAIL-EQ
RGL,Renaissance Global Limited,NSE:RGL-EQ
RHETAN,Rhetan TMT Limited,NSE:RHETAN-EQ
RHIM,RHI MAGNESITA INDIA LIMITED,NSE:RHIM-EQ
RHL,Robust Hotels Limited,NSE:RHL-EQ
RICOAUTO,Rico Auto Industries Limited,NSE:RICOAUTO-EQ
RIIL,Reliance Industrial Infrastructure Limited,NSE:RIIL-EQ
RIR,RIR Power Electronics Limited,NSE:RIR-EQ
RISHABH,Rishabh Instruments Limited,NSE:RISHABH-EQ
RITCO,Ritco Logistics Limited,NSE:RITCO-EQ
RITES,RITES Limited,NSE:RITES-EQ
RKDL,Ravi Kumar Distilleries Limited,NSE:RKDL-EQ
RKEC,RKEC Projects Limited,NSE:RKEC-EQ
RKFORGE,Ramkrishna Forgings Limited,NSE:RKFORGE-EQ
RKSWAMY,R K Swamy Limited,NSE:RKSWAMY-EQ
RMC,RMC Switchgears Limited,NSE:RMC-EQ
RML,Rane (Madras) Limited,NSE:RML-EQ
ROHLTD,Royal Orchid Hotels Limited,NSE:ROHLTD-EQ
ROLEXRINGS,Rolex Rings Limited,NSE:ROLEXRINGS-EQ
ROML,Raj Oil Mills Limited,NSE:ROML-EQ
ROSSARI,Rossari Biotech Limited,NSE:ROSSARI-EQ
ROSSELLIND,Rossell India Limited,NSE:ROSSELLIND-EQ
ROSSTECH,Rossell Techsys Limited,NSE:ROSSTECH-EQ
ROTO,Roto Pumps Limited,NSE:ROTO-EQ
ROUTE,ROUTE MOBILE LIMITED,NSE:ROUTE-EQ
RPEL,Raghav Productivity Enhancers Limited,NSE:RPEL-EQ
RPGLIFE,RPG Life Sciences Limited,NSE:RPGLIFE-EQ
RPOWER,Reliance Power Limited,NSE:RPOWER-EQ
RPPINFRA,R.P.P. Infra Projects Limited,NSE:RPPINFRA-EQ
RPSGVENT,RPSG VENTURES LIMITED,NSE:RPSGVENT-EQ
RPTECH,Rashi Peripherals Limited,NSE:RPTECH-EQ
RRECL,RDB Real Estate Constructions Limited,NSE:RRECL-EQ
RRIL,RRIL Limited,NSE:RRIL-EQ
RRKABEL,R R Kabel Limited,NSE:RRKABEL-EQ
RSL,Rajputana Stainless Limited,NSE:RSL-EQ
RSSOFTWARE,R. S. Software (India) Limited,NSE:RSSOFTWARE-EQ
RSYSTEMS,R Systems International Limited,NSE:RSYSTEMS-EQ
RTNINDIA,RattanIndia Enterprises Limited,NSE:RTNINDIA-EQ
RTNPOWER,RattanIndia Power Limited,NSE:RTNPOWER-EQ
RTSPOWR,RTS Power Corporation Limited,NSE:RTSPOWR-EQ
RUBFILA,Rubfila International Limited,NSE:RUBFILA-EQ
RUBICON,Rubicon Research Limited,NSE:RUBICON-EQ
RUBYMILLS,The Ruby Mills Limited,NSE:RUBYMILLS-EQ
RUCHINFRA,Ruchi Infrastructure Limited,NSE:RUCHINFRA-EQ
RUCHIRA,Ruchira Papers Limited,NSE:RUCHIRA-EQ
RUDRA,Rudra Global Infra Products Limited,NSE:RUDRA-EQ
RUPA,Rupa & Company Limited,NSE:RUPA-EQ
RUSHIL,Rushil Decor Limited,NSE:RUSHIL-EQ
RUSTOMJEE,Keystone Realtors Limited,NSE:RUSTOMJEE-EQ
RVHL,Ravinder Heights Limited,NSE:RVHL-EQ
RVNL,Rail Vikas Nigam Limited,NSE:RVNL-EQ
RVTH,Revathi Equipment India Limited,NSE:RVTH-EQ
S&SPOWER,S&S Power Switchgears Limited,NSE:S&SPOWER-EQ
SAATVIKGL,Saatvik Green Energy Limited,NSE:SAATVIKGL-EQ
SAB,SAB Industries Limited,NSE:SAB-EQ
SADBHAV,Sadbhav Engineering Limited,NSE:SADBHAV-EQ
SAFARI,Safari Industries (India) Limited,NSE:SAFARI-EQ
SAGARDEEP,Sagardeep Alloys Limited,NSE:SAGARDEEP-EQ
SAGCEM,Sagar Cements Limited,NSE:SAGCEM-EQ
SAGILITY,SAGILITY LIMITED,NSE:SAGILITY-EQ
SAHLIBHFI,Shalibhadra Finance Limited,NSE:SAHLIBHFI-EQ
SAHYADRI,Sahyadri Industries Limited,NSE:SAHYADRI-EQ
SAICAPI,Sai Capital Limited,NSE:SAICAPI-EQ
SAIL,Steel Authority of India Limited,NSE:SAIL-EQ
SAILIFE,Sai Life Sciences Limited,NSE:SAILIFE-EQ
SAIPARENT,Sai Parenterals Limited,NSE:SAIPARENT-EQ
SAKAR,Sakar Healthcare Limited,NSE:SAKAR-EQ
SAKHTISUG,Sakthi Sugars Limited,NSE:SAKHTISUG-EQ
SAKSOFT,Saksoft Limited,NSE:SAKSOFT-EQ
SAKUMA,Sakuma Exports Limited,NSE:SAKUMA-EQ
SALASAR,Salasar Techno Engineering Limited,NSE:SALASAR-EQ
SALONA,Salona Cotspin Limited,NSE:SALONA-EQ
SALSTEEL,S.A.L. Steel Limited,NSE:SALSTEEL-EQ
SALZERELEC,Salzer Electronics Limited,NSE:SALZERELEC-EQ
SAMBANDAM,Sambandam Spinning Mills Limited,NSE:SAMBANDAM-EQ
SAMBHAAV,Sambhaav Media Limited,NSE:SAMBHAAV-EQ
SAMBHV,Sambhv Steel Tubes Limited,NSE:SAMBHV-EQ
SAMHI,Samhi Hotels Limited,NSE:SAMHI-EQ
SAMMAANCAP,Sammaan Capital Limited,NSE:SAMMAANCAP-EQ
SAMPANN,Sampann Utpadan India Limited,NSE:SAMPANN-EQ
SANATHAN,Sanathan Textiles Limited,NSE:SANATHAN-EQ
SANDESH,The Sandesh Limited,NSE:SANDESH-EQ
SANDHAR,Sandhar Technologies Limited,NSE:SANDHAR-EQ
SANDUMA,Sandur Manganese & Iron Ores Limited,NSE:SANDUMA-EQ
SANGAMIND,Sangam (India) Limited,NSE:SANGAMIND-EQ
SANGHVIMOV,Sanghvi Movers Limited,NSE:SANGHVIMOV-EQ
SANOFI,Sanofi India Limited,NSE:SANOFI-EQ
SANOFICONR,Sanofi Consumer Healthcare India Limited,NSE:SANOFICONR-EQ
SANSERA,Sansera Engineering Limited,NSE:SANSERA-EQ
SANSTAR,Sanstar Limited,NSE:SANSTAR-EQ
SAPPHIRE,Sapphire Foods India Limited,NSE:SAPPHIRE-EQ
SAPPL,Shree Ajit Pulp & Paper Limited,NSE:SAPPL-EQ
SARDAEN,Sarda Energy & Minerals Limited,NSE:SARDAEN-EQ
SAREGAMA,Saregama India Limited,NSE:SAREGAMA-EQ
SARLAPOLY,Sarla Performance Fibers Limited,NSE:SARLAPOLY-EQ
SARVESHWAR,Sarveshwar Foods Limited,NSE:SARVESHWAR-EQ
SASKEN,Sasken Technologies Limited,NSE:SASKEN-EQ
SATIA,Satia Industries Limited,NSE:SATIA-EQ
SATIN,Satin Creditcare Network Limited,NSE:SATIN-EQ
SAURASHCEM,Saurashtra Cement Limited,NSE:SAURASHCEM-EQ
SAYAJIHOTL,Sayaji Hotels Limited,NSE:SAYAJIHOTL-EQ
SAYAJIIND,Sayaji Industries Limited,NSE:SAYAJIIND-EQ
SBC,SBC Exports Limited,NSE:SBC-EQ
SBCL,Shivalik Bimetal Controls Limited,NSE:SBCL-EQ
SBFC,SBFC Finance Limited,NSE:SBFC-EQ
SBGLP,Suratwwala Business Group Limited,NSE:SBGLP-EQ
SBICARD,SBI Cards and Payment Services Limited,NSE:SBICARD-EQ
SBIFUNDS,SBI Funds Management Limited,NSE:SBIFUNDS-EQ
SBILIFE,SBI Life Insurance Company Limited,NSE:SBILIFE-EQ
SBIN,State Bank of India,NSE:SBIN-EQ
SCHAEFFLER,Schaeffler India Limited,NSE:SCHAEFFLER-EQ
SCHAND,S Chand And Company Limited,NSE:SCHAND-EQ
SCHNEIDER,Schneider Electric Infrastructure Limited,NSE:SCHNEIDER-EQ
SCI,Shipping Corporation Of India Limited,NSE:SCI-EQ
SCILAL,Shipping Corporation of India Land and Assets Limited,NSE:SCILAL-EQ
SCODATUBES,Scoda Tubes Limited,NSE:SCODATUBES-EQ
SDBL,Som Distilleries & Breweries Limited,NSE:SDBL-EQ
SEAMECLTD,Seamec Limited,NSE:SEAMECLTD-EQ
SECMARK,SecMark Consultancy Limited,NSE:SECMARK-EQ
SECURKLOUD,SECUREKLOUD TECHNOLOGIES LIMITED,NSE:SECURKLOUD-EQ
SEDEMAC,SEDEMAC Mechatronics Limited,NSE:SEDEMAC-EQ
SEIL,Shanti Educational Initiatives Limited,NSE:SEIL-EQ
SEJALLTD,Sejal Glass Limited,NSE:SEJALLTD-EQ
SEKURITIND,Saint Gobain Sekurit India Limited,NSE:SEKURITIND-EQ
SELMC,SEL Manufacturing Company Limited,NSE:SELMC-EQ
SEMAC,Semac Construction Limited,NSE:SEMAC-EQ
SENCO,Senco Gold Limited,NSE:SENCO-EQ
SENORES,Senores Pharmaceuticals Limited,NSE:SENORES-EQ
SEPC,SEPC Limited,NSE:SEPC-EQ
SERVOTECH,Servotech Renewable Power System Limited,NSE:SERVOTECH-EQ
SESHAPAPER,Seshasayee Paper and Boards Limited,NSE:SESHAPAPER-EQ
SETL,Standard Engineering Technology Limited,NSE:SETL-EQ
SFL,Sheela Foam Limited,NSE:SFL-EQ
SGFIN,SG Finserve Limited,NSE:SGFIN-EQ
SGIL,Synergy Green Industries Limited,NSE:SGIL-EQ
SGL,STL Global Limited,NSE:SGL-EQ
SGLRES,SGL Resources Limited,NSE:SGLRES-EQ
SGMART,SG Mart Limited,NSE:SGMART-EQ
SGRL,Shree Ganesh Remedies Limited,NSE:SGRL-EQ
SHADOWFAX,Shadowfax Technologies Limited,NSE:SHADOWFAX-EQ
SHAH,Shah Metacorp Limited,NSE:SHAH-EQ
SHAILY,Shaily Engineering Plastics Limited,NSE:SHAILY-EQ
SHAKTIPUMP,Shakti Pumps (India) Limited,NSE:SHAKTIPUMP-EQ
SHALBY,Shalby Limited,NSE:SHALBY-EQ
SHANKARA,Shankara Building Products Limited,NSE:SHANKARA-EQ
SHANKESH,Shankesh Jewellers Limited,NSE:SHANKESH-EQ
SHANTI,Shanti Overseas (India) Limited,NSE:SHANTI-EQ
SHANTIGEAR,Shanthi Gears Limited,NSE:SHANTIGEAR-EQ
SHANTIGOLD,Shanti Gold International Limited,NSE:SHANTIGOLD-EQ
SHARDACROP,Sharda Cropchem Limited,NSE:SHARDACROP-EQ
SHARDAMOTR,Sharda Motor Industries Limited,NSE:SHARDAMOTR-EQ
SHAREINDIA,Share India Securities Limited,NSE:SHAREINDIA-EQ
SHBAJRG,Shri Bajrang Alliance Limited,NSE:SHBAJRG-EQ
SHERVANI,Shervani Industrial Syndicate Limited,NSE:SHERVANI-EQ
SHILCTECH,Shilchar Technologies Limited,NSE:SHILCTECH-EQ
SHILGRAVQ,Shilp Gravures Limited,NSE:SHILGRAVQ-EQ
SHILPAMED,Shilpa Medicare Limited,NSE:SHILPAMED-EQ
SHINDL,Sharat Industries Limited,NSE:SHINDL-EQ
SHIPROCKET,Shiprocket Limited,NSE:SHIPROCKET-EQ
SHIVAAGRO,Shiva Global Agro Industries Limited,NSE:SHIVAAGRO-EQ
SHIVACEM,Shiva Cement Limited,NSE:SHIVACEM-EQ
SHIVALIK,Shivalik Rasayan Limited,NSE:SHIVALIK-EQ
SHIVAMAUTO,Shivam Autotech Limited,NSE:SHIVAMAUTO-EQ
SHIVAMILLS,Shiva Mills Limited,NSE:SHIVAMILLS-EQ
SHIVATEX,Shiva Texyarn Limited,NSE:SHIVATEX-EQ
SHIVAUM,Shiv Aum Steels Limited,NSE:SHIVAUM-EQ
SHK,S H Kelkar and Company Limited,NSE:SHK-EQ
SHOPERSTOP,Shoppers Stop Limited,NSE:SHOPERSTOP-EQ
SHRADDHA,Shraddha Prime Projects Limited,NSE:SHRADDHA-EQ
SHRADHA,Shradha Realty Limited,NSE:SHRADHA-EQ
SHREDIGCEM,Shree Digvijay Cement Co.Ltd,NSE:SHREDIGCEM-EQ
SHREECEM,SHREE CEMENT LIMITED,NSE:SHREECEM-EQ
SHREEJISPG,Shreeji Shipping Global Limited,NSE:SHREEJISPG-EQ
SHREEPUSHK,Shree Pushkar Chemicals & Fertilisers Limited,NSE:SHREEPUSHK-EQ
SHREERAMA,Shree Rama Multi-Tech Limited,NSE:SHREERAMA-EQ
SHREYANIND,Shreyans Industries Limited,NSE:SHREYANIND-EQ
SHRIKRISH,Shri Krishna Devcon Limited,NSE:SHRIKRISH-EQ
SHRINGARMS,Shringar House of Mangalsutra Limited,NSE:SHRINGARMS-EQ
SHRIPISTON,SPR Auto Technologies Limited,NSE:SHRIPISTON-EQ
SHRIRAMFIN,Shriram Finance Limited,NSE:SHRIRAMFIN-EQ
SHRIRAMPPS,Shriram Properties Limited,NSE:SHRIRAMPPS-EQ
SHRJAGP,Shri Jagdamba Polymers Limited,NSE:SHRJAGP-EQ
SHUKRAPHAR,Shukra Pharmaceuticals Limited,NSE:SHUKRAPHAR-EQ
SHYAMMETL,Shyam Metalics and Energy Limited,NSE:SHYAMMETL-EQ
SHYAMTEL,Shyam Telecom Limited,NSE:SHYAMTEL-EQ
SICAGEN,Sicagen India Limited,NSE:SICAGEN-EQ
SIEL,Superior Industrial Enterprises Limited,NSE:SIEL-EQ
SIEMENS,Siemens Limited,NSE:SIEMENS-EQ
SIGACHI,Sigachi Industries Limited,NSE:SIGACHI-EQ
SIGMA,Sigma Solve Limited,NSE:SIGMA-EQ
SIGNATURE,Signatureglobal (India) Limited,NSE:SIGNATURE-EQ
SIGNPOST,Signpost India Limited,NSE:SIGNPOST-EQ
SIKA,Sika Interplant Systems Limited,NSE:SIKA-EQ
SIL,Standard Industries Limited,NSE:SIL-EQ
SILGO,Silgo Retail Limited,NSE:SILGO-EQ
SILINV,SIL Investments Limited,NSE:SILINV-EQ
SILLYMONKS,Silly Monks Entertainment Limited,NSE:SILLYMONKS-EQ
SILVERTUC,Silver Touch Technologies Limited,NSE:SILVERTUC-EQ
SIMPLEXINF,Simplex Infrastructures Limited,NSE:SIMPLEXINF-EQ
SIMPLXREA,Simplex Realty Limited,NSE:SIMPLXREA-EQ
SINCLAIR,Sinclairs Hotels Limited,NSE:SINCLAIR-EQ
SINDHUTRAD,Sindhu Trade Links Limited,NSE:SINDHUTRAD-EQ
SINGERIND,Singer India Limited,NSE:SINGERIND-EQ
SINTERCOM,Sintercom India Limited,NSE:SINTERCOM-EQ
SIRCA,Sirca Paints India Limited,NSE:SIRCA-EQ
SIS,SIS LIMITED,NSE:SIS-EQ
SIYSIL,Siyaram Silk Mills Limited,NSE:SIYSIL-EQ
SJS,S.J.S. Enterprises Limited,NSE:SJS-EQ
SJVN,SJVN Limited,NSE:SJVN-EQ
SKFINDIA,SKF India Limited,NSE:SKFINDIA-EQ
SKFINDUS,SKF India (Industrial) Limited,NSE:SKFINDUS-EQ
SKIPPER,Skipper Limited,NSE:SKIPPER-EQ
SKMEGGPROD,SKM Egg Products Export (India) Limited,NSE:SKMEGGPROD-EQ
SKYGOLD,SKY GOLD AND DIAMONDS LIMITED,NSE:SKYGOLD-EQ
SKYWAYS,Skyways Air Services Limited,NSE:SKYWAYS-EQ
SMARTWORKS,Smartworks Coworking Spaces Limited,NSE:SMARTWORKS-EQ
SMCGLOBAL,SMC Global Securities Limited,NSE:SMCGLOBAL-EQ
SMLMAH,SML Mahindra Limited,NSE:SMLMAH-EQ
SMLT,Sarthak Metals Limited,NSE:SMLT-EQ
SMSPHARMA,SMS Pharmaceuticals Limited,NSE:SMSPHARMA-EQ
SNOWMAN,Snowman Logistics Limited,NSE:SNOWMAN-EQ
SOBHA,Sobha Limited,NSE:SOBHA-EQ
SOFTTECH,Softtech Engineers Limited,NSE:SOFTTECH-EQ
SOLARA,Solara Active Pharma Sciences Limited,NSE:SOLARA-EQ
SOLARINDS,Solar Industries India Limited,NSE:SOLARINDS-EQ
SOLARWORLD,Solarworld Energy Solutions Limited,NSE:SOLARWORLD-EQ
SOLEX,Solex Energy Limited,NSE:SOLEX-EQ
SOMANYCERA,Somany Ceramics Limited,NSE:SOMANYCERA-EQ
SOMATEX,Soma Textiles & Industries Limited,NSE:SOMATEX-EQ
SOMICONVEY,Somi Conveyor Beltings Limited,NSE:SOMICONVEY-EQ
SONACOMS,Sona BLW Precision Forgings Limited,NSE:SONACOMS-EQ
SONAL,Sonal Mercantile Limited,NSE:SONAL-EQ
SONATSOFTW,Sonata Software Limited,NSE:SONATSOFTW-EQ
SOTL,Savita Oil Technologies Limited,NSE:SOTL-EQ
SOUTHBANK,The South Indian Bank Limited,NSE:SOUTHBANK-EQ
SOUTHWEST,South West Pinnacle Exploration Limited,NSE:SOUTHWEST-EQ
SPAL,S. P. Apparels Limited,NSE:SPAL-EQ
SPANDANA,Spandana Sphoorty Financial Limited,NSE:SPANDANA-EQ
SPARC,Sun Pharma Advanced Research Company Limited,NSE:SPARC-EQ
SPCENET,Spacenet Enterprises India Limited,NSE:SPCENET-EQ
SPELS,SPEL Semiconductor Limited,NSE:SPELS-EQ
SPENCERS,Spencer's Retail Limited,NSE:SPENCERS-EQ
SPIC,Southern Petrochemicals Industries Corporation  Limited,NSE:SPIC-EQ
SPLIL,SPL Industries Limited,NSE:SPLIL-EQ
SPLPETRO,Supreme Petrochem Limited,NSE:SPLPETRO-EQ
SPMLINFRA,SPML Infra Limited,NSE:SPMLINFRA-EQ
SPORTKING,Sportking India Limited,NSE:SPORTKING-EQ
SRD,Shankar Lal Rampal Dye-Chem Limited,NSE:SRD-EQ
SREEL,Sreeleathers Limited,NSE:SREEL-EQ
SRF,SRF Limited,NSE:SRF-EQ
SRGHFL,SRG Housing Finance Limited,NSE:SRGHFL-EQ
SRHHYPOLTD,Sree Rayalaseema Hi-Strength Hypo Limited,NSE:SRHHYPOLTD-EQ
SRM,SRM Contractors Limited,NSE:SRM-EQ
SRTL,Shree Ram Twistex Limited,NSE:SRTL-EQ
SSDL,Saraswati Saree Depot Limited,NSE:SSDL-EQ
SSWL,Steel Strips Wheels Limited,NSE:SSWL-EQ
STANLEY,Stanley Lifestyles Limited,NSE:STANLEY-EQ
STAR,Strides Pharma Science Limited,NSE:STAR-EQ
STARCEMENT,Star Cement Limited,NSE:STARCEMENT-EQ
STARHEALTH,Star Health and Allied Insurance Company Limited,NSE:STARHEALTH-EQ
STARPAPER,Star Paper Mills Limited,NSE:STARPAPER-EQ
STARTECK,Starteck Finance Limited,NSE:STARTECK-EQ
STCINDIA,The State Trading Corporation of India Limited,NSE:STCINDIA-EQ
STEELCAS,Steelcast Limited,NSE:STEELCAS-EQ
STEELCITY,Steel City Securities Limited,NSE:STEELCITY-EQ
STEELXIND,STEEL EXCHANGE INDIA LIMITED,NSE:STEELXIND-EQ
STEL,Stel Holdings Limited,NSE:STEL-EQ
STLNETWORK,STL Networks Limited,NSE:STLNETWORK-EQ
STLSTRINF,Steel Strips Infrastructures Limited,NSE:STLSTRINF-EQ
STOVEKRAFT,Stove Kraft Limited,NSE:STOVEKRAFT-EQ
STUDDS,Studds Accessories Limited,NSE:STUDDS-EQ
STYL,Seshaasai Technologies Limited,NSE:STYL-EQ
STYLAMIND,Stylam Industries Limited,NSE:STYLAMIND-EQ
STYLEBAAZA,Baazar Style Retail Limited,NSE:STYLEBAAZA-EQ
STYRENIX,Styrenix Performance Materials Limited,NSE:STYRENIX-EQ
SUBEXLTD,Subex Limited,NSE:SUBEXLTD-EQ
SUBROS,Subros Limited,NSE:SUBROS-EQ
SUDARCOLOR,Sudarshan Colorants India Limited,NSE:SUDARCOLOR-EQ
SUDARSCHEM,Sudarshan Chemical Industries Limited,NSE:SUDARSCHEM-EQ
SUDEEPPHRM,Sudeep Pharma Limited,NSE:SUDEEPPHRM-EQ
SUKHJITS,Sukhjit Starch & Chemicals Limited,NSE:SUKHJITS-EQ
SULA,Sula Vineyards Limited,NSE:SULA-EQ
SUMEDHA,Sumedha Fiscal Services Limited,NSE:SUMEDHA-EQ
SUMEETINDS,Sumeet Industries Limited,NSE:SUMEETINDS-EQ
SUMICHEM,Sumitomo Chemical India Limited,NSE:SUMICHEM-EQ
SUMIT,Sumit Woods Limited,NSE:SUMIT-EQ
SUMMITSEC,Summit Securities Limited,NSE:SUMMITSEC-EQ
SUNCLAY,Sundaram Clayton Limited,NSE:SUNCLAY-EQ
SUNDARAM,Sundaram Multi Pap Limited,NSE:SUNDARAM-EQ
SUNDARMFIN,Sundaram Finance Limited,NSE:SUNDARMFIN-EQ
SUNDRMFAST,Sundram Fasteners Limited,NSE:SUNDRMFAST-EQ
SUNDROP,Sundrop Brands Limited,NSE:SUNDROP-EQ
SUNFLAG,Sunflag Iron And Steel Company Limited,NSE:SUNFLAG-EQ
SUNLOC,Sunil Healthcare Limited,NSE:SUNLOC-EQ
SUNPHARMA,Sun Pharmaceutical Industries Limited,NSE:SUNPHARMA-EQ
SUNRAKSHAK,Sunrakshakk Industries India Limited,NSE:SUNRAKSHAK-EQ
SUNSHIEL,Sunshield Chemicals Limited,NSE:SUNSHIEL-EQ
SUNSHINE,Sunshine Pictures Limited,NSE:SUNSHINE-EQ
SUNTECK,Sunteck Realty Limited,NSE:SUNTECK-EQ
SUNTV,Sun TV Network Limited,NSE:SUNTV-EQ
SUPERHOUSE,Superhouse Limited,NSE:SUPERHOUSE-EQ
SUPRAJIT,Suprajit Engineering Limited,NSE:SUPRAJIT-EQ
SUPREME,Supreme Holdings & Hospitality (India) Limited,NSE:SUPREME-EQ
SUPREMEIND,Supreme Industries Limited,NSE:SUPREMEIND-EQ
SUPREMEINF,Supreme Infrastructure India Limited,NSE:SUPREMEINF-EQ
SUPRIYA,Supriya Lifescience Limited,NSE:SUPRIYA-EQ
SURAJEST,Suraj Estate Developers Limited,NSE:SURAJEST-EQ
SURAJLTD,Suraj Limited,NSE:SURAJLTD-EQ
SURAKSHA,Suraksha Diagnostic Limited,NSE:SURAKSHA-EQ
SURANASOL,Surana Solar Limited,NSE:SURANASOL-EQ
SURANAT&P,Surana Telecom and Power Limited,NSE:SURANAT&P-EQ
SURYALA,Suryalata Spinning Mills Limited,NSE:SURYALA-EQ
SURYALAXMI,Suryalakshmi Cotton Mills Limited,NSE:SURYALAXMI-EQ
SURYAROSNI,Surya Roshni Limited,NSE:SURYAROSNI-EQ
SURYODAY,Suryoday Small Finance Bank Limited,NSE:SURYODAY-EQ
SUVEN,Suven Life Sciences Limited,NSE:SUVEN-EQ
SUVIDHAA,Suvidhaa Infoserve Limited,NSE:SUVIDHAA-EQ
SUYOG,Suyog Telematics Limited,NSE:SUYOG-EQ
SUZLON,Suzlon Energy Limited,NSE:SUZLON-EQ
SVGLOBAL,S V Global Mill Limited,NSE:SVGLOBAL-EQ
SVPGLOB,SVP GLOBAL TEXTILES LIMITED,NSE:SVPGLOB-EQ
SWANCORP,SWAN CORP LIMITED,NSE:SWANCORP-EQ
SWARAJENG,Swaraj Engines Limited,NSE:SWARAJENG-EQ
SWARNSAR,Swarnsarita Jewels India Limited,NSE:SWARNSAR-EQ
SWELECTES,Swelect Energy Systems Limited,NSE:SWELECTES-EQ
SWIGGY,Swiggy Limited,NSE:SWIGGY-EQ
SWSOLAR,Sterling and Wilson Renewable Energy Limited,NSE:SWSOLAR-EQ
SYMBIOTEC,Symbiotec Pharmalab Limited,NSE:SYMBIOTEC-EQ
SYMPHONY,Symphony Limited,NSE:SYMPHONY-EQ
SYNCOMF,Syncom Formulations (India) Limited,NSE:SYNCOMF-EQ
SYNGENE,Syngene International Limited,NSE:SYNGENE-EQ
SYRMA,Syrma SGS Technology Limited,NSE:SYRMA-EQ
TAALTECH,Taal Tech Limited,NSE:TAALTECH-EQ
TAINWALCHM,Tainwala Chemical and Plastic (I) Limited,NSE:TAINWALCHM-EQ
TAJGVK,Taj GVK Hotels & Resorts Limited,NSE:TAJGVK-EQ
TAKE,TAKE Limited,NSE:TAKE-EQ
TALBROAUTO,Talbros Automotive Components Limited,NSE:TALBROAUTO-EQ
TANAA,Taneja Aerospace & Aviation Limited,NSE:TANAA-EQ
TANLA,Tanla Platforms Limited,NSE:TANLA-EQ
TARACHAND,Tara Chand InfraLogistic Solutions Limited,NSE:TARACHAND-EQ
TARAPUR,Tarapur Transformers Limited,NSE:TARAPUR-EQ
TARC,TARC Limited,NSE:TARC-EQ
TARIL,Transformers And Rectifiers (India) Limited,NSE:TARIL-EQ
TARMAT,Tarmat Limited,NSE:TARMAT-EQ
TARSONS,Tarsons Products Limited,NSE:TARSONS-EQ
TASTYBITE,Tasty Bite Eatables Limited,NSE:TASTYBITE-EQ
TATACAP,Tata Capital Limited,NSE:TATACAP-EQ
TATACHEM,Tata Chemicals Limited,NSE:TATACHEM-EQ
TATACOMM,Tata Communications Limited,NSE:TATACOMM-EQ
TATACONSUM,TATA CONSUMER PRODUCTS LIMITED,NSE:TATACONSUM-EQ
TATAELXSI,Tata Elxsi Limited,NSE:TATAELXSI-EQ
TATAINVEST,Tata Investment Corporation Limited,NSE:TATAINVEST-EQ
TATAPOWER,Tata Power Company Limited,NSE:TATAPOWER-EQ
TATASTEEL,Tata Steel Limited,NSE:TATASTEEL-EQ
TATATECH,Tata Technologies Limited,NSE:TATATECH-EQ
TATVA,Tatva Chintan Pharma Chem Limited,NSE:TATVA-EQ
TBOTEK,TBO Tek Limited,NSE:TBOTEK-EQ
TBZ,Tribhovandas Bhimji Zaveri Limited,NSE:TBZ-EQ
TCC,TCC Concept Limited,NSE:TCC-EQ
TCI,Transport Corporation of India Limited,NSE:TCI-EQ
TCIEXP,TCI Express Limited,NSE:TCIEXP-EQ
TCPLPACK,TCPL Packaging Limited,NSE:TCPLPACK-EQ
TCS,Tata Consultancy Services Limited,NSE:TCS-EQ
TDPOWERSYS,TD Power Systems Limited,NSE:TDPOWERSYS-EQ
TEAMGTY,Team India Guaranty Limited,NSE:TEAMGTY-EQ
TEAMLEASE,Teamlease Services Limited,NSE:TEAMLEASE-EQ
TECHM,Tech Mahindra Limited,NSE:TECHM-EQ
TECHNOCRAF,Technocraft Ventures Limited,NSE:TECHNOCRAF-EQ
TECHNOE,Techno Electric & Engineering Company Limited,NSE:TECHNOE-EQ
TECHNVISN,TechNVision Ventures Limited,NSE:TECHNVISN-EQ
TECILCHEM,TECIL Chemicals and Hydro Power Limited,NSE:TECILCHEM-EQ
TEGA,Tega Industries Limited,NSE:TEGA-EQ
TEJASNET,Tejas Networks Limited,NSE:TEJASNET-EQ
TEMBO,Tembo Global Industries Limited,NSE:TEMBO-EQ
TEMPSENS,Tempsens Instruments (India) Limited,NSE:TEMPSENS-EQ
TENNIND,Tenneco Clean Air India Limited,NSE:TENNIND-EQ
TERAI,Terai Tea Company Limited,NSE:TERAI-EQ
TERASOFT,Tera Software Limited,NSE:TERASOFT-EQ
TEXINFRA,Texmaco Infrastructure & Holdings Limited,NSE:TEXINFRA-EQ
TEXMOPIPES,Texmo Pipes and Products Limited,NSE:TEXMOPIPES-EQ
TEXRAIL,Texmaco Rail & Engineering Limited,NSE:TEXRAIL-EQ
TFCILTD,Tourism Finance Corporation of India Limited,NSE:TFCILTD-EQ
TFL,Transwarranty Finance Limited,NSE:TFL-EQ
TGBHOTELS,TGB Banquets And Hotels Limited,NSE:TGBHOTELS-EQ
TGVSL,TGV Sraac Limited,NSE:TGVSL-EQ
THACKER,Thacker & Company Limited,NSE:THACKER-EQ
THAKDEV,Thakkers Developers Limited,NSE:THAKDEV-EQ
THANGAMAYL,Thangamayil Jewellery Limited,NSE:THANGAMAYL-EQ
THEINVEST,The Investment Trust Of India Limited,NSE:THEINVEST-EQ
THEJO,Thejo Engineering Limited,NSE:THEJO-EQ
THELEELA,Leela Palaces Hotels & Resorts Limited,NSE:THELEELA-EQ
THEMISMED,Themis Medicare Limited,NSE:THEMISMED-EQ
THERMAX,Thermax Limited,NSE:THERMAX-EQ
THOMASCOOK,Thomas Cook  (India)  Limited,NSE:THOMASCOOK-EQ
THOMASCOTT,Thomas Scott (India) Limited,NSE:THOMASCOTT-EQ
THYROCARE,Thyrocare Technologies Limited,NSE:THYROCARE-EQ
TI,Tilaknagar Industries Limited,NSE:TI-EQ
TIGERLOGS,Tiger Logistics (India) Limited,NSE:TIGERLOGS-EQ
TIIL,Technocraft Industries (India) Limited,NSE:TIIL-EQ
TIINDIA,Tube Investments of India Limited,NSE:TIINDIA-EQ
TIMETECHNO,Time Technoplast Limited,NSE:TIMETECHNO-EQ
TIMEX,Timex Group India Limited,NSE:TIMEX-EQ
TIMKEN,Timken India Limited,NSE:TIMKEN-EQ
TINNARUBR,Tinna Rubber and Infrastructure Limited,NSE:TINNARUBR-EQ
TIPSFILMS,Tips Films Limited,NSE:TIPSFILMS-EQ
TIPSMUSIC,Tips Music Limited,NSE:TIPSMUSIC-EQ
TIRUMALCHM,Thirumalai Chemicals Limited,NSE:TIRUMALCHM-EQ
TITAGARH,TITAGARH RAIL SYSTEMS LIMITED,NSE:TITAGARH-EQ
TITAN,Titan Company Limited,NSE:TITAN-EQ
TMB,Tamilnad Mercantile Bank Limited,NSE:TMB-EQ
TMCV,Tata Motors Limited,NSE:TMCV-EQ
TMPV,Tata Motors Passenger Vehicles Limited,NSE:TMPV-EQ
TNPETRO,Tamilnadu PetroProducts Limited,NSE:TNPETRO-EQ
TNPL,Tamil Nadu Newsprint & Papers Limited,NSE:TNPL-EQ
TNTELE,Tamilnadu Telecommunication Limited,NSE:TNTELE-EQ
TOKYOPLAST,Tokyo Plast International Limited,NSE:TOKYOPLAST-EQ
TOLINS,Tolins Tyres Limited,NSE:TOLINS-EQ
TORNTPHARM,Torrent Pharmaceuticals Limited,NSE:TORNTPHARM-EQ
TORNTPOWER,Torrent Power Limited,NSE:TORNTPOWER-EQ
TOTAL,Total Transport Systems Limited,NSE:TOTAL-EQ
TOUCHWOOD,Touchwood Entertainment Limited,NSE:TOUCHWOOD-EQ
TOYAMSL,Toyam Sports Limited,NSE:TOYAMSL-EQ
TPLPLASTEH,TPL Plastech Limited,NSE:TPLPLASTEH-EQ
TRACXN,Tracxn Technologies Limited,NSE:TRACXN-EQ
TRANSCOR,Transcorp International Limited,NSE:TRANSCOR-EQ
TRANSRAILL,Transrail Lighting Limited,NSE:TRANSRAILL-EQ
TRAVELFOOD,Travel Food Services Limited,NSE:TRAVELFOOD-EQ
TREEHOUSE,Tree House Education & Accessories Limited,NSE:TREEHOUSE-EQ
TREJHARA,TREJHARA SOLUTIONS LIMITED,NSE:TREJHARA-EQ
TREL,Transindia Real Estate Limited,NSE:TREL-EQ
TRENT,Trent Limited,NSE:TRENT-EQ
TRF,TRF Limited,NSE:TRF-EQ
TRIDENT,Trident Limited,NSE:TRIDENT-EQ
TRIGYN,Trigyn Technologies Limited,NSE:TRIGYN-EQ
TRITONV,Triton Valves Limited,NSE:TRITONV-EQ
TRITURBINE,Triveni Turbine Limited,NSE:TRITURBINE-EQ
TRIVENI,Triveni Engineering & Industries Limited,NSE:TRIVENI-EQ
TRU,TruCap Finance Limited,NSE:TRU-EQ
TRUALT,TruAlt Bioenergy Limited,NSE:TRUALT-EQ
TSFINV,TSF INVESTMENTS LIMITED,NSE:TSFINV-EQ
TTKHLTCARE,TTK Healthcare Limited,NSE:TTKHLTCARE-EQ
TTKPRESTIG,TTK Prestige Limited,NSE:TTKPRESTIG-EQ
TTL,T T Limited,NSE:TTL-EQ
TTML,Tata Teleservices (Maharashtra) Limited,NSE:TTML-EQ
TURTLEMINT,Turtlemint Fintech Solutions Limited,NSE:TURTLEMINT-EQ
TUTIALKA,Tuticorin Alkali Chemicals & Fertilizers Limited,NSE:TUTIALKA-EQ
TVSELECT,TVS Electronics Limited,NSE:TVSELECT-EQ
TVSHLTD,TVS Holdings Limited,NSE:TVSHLTD-EQ
TVSMOTOR,TVS Motor Company Limited,NSE:TVSMOTOR-EQ
TVSSCS,TVS Supply Chain Solutions Limited,NSE:TVSSCS-EQ
TVSSRICHAK,TVS Srichakra Limited,NSE:TVSSRICHAK-EQ
TVTODAY,TV Today Network Limited,NSE:TVTODAY-EQ
UBL,United Breweries Limited,NSE:UBL-EQ
UCOBANK,UCO Bank,NSE:UCOBANK-EQ
UDAYJEW,Uday Jewellery Industries Limited,NSE:UDAYJEW-EQ
UDS,Updater Services Limited,NSE:UDS-EQ
UEL,Ujaas Energy Limited,NSE:UEL-EQ
UFLEX,UFLEX Limited,NSE:UFLEX-EQ
UFO,UFO Moviez India Limited,NSE:UFO-EQ
UGARSUGAR,The Ugar Sugar Works Limited,NSE:UGARSUGAR-EQ
UGROCAP,Ugro Capital Limited,NSE:UGROCAP-EQ
UJJIVANSFB,Ujjivan Small Finance Bank Limited,NSE:UJJIVANSFB-EQ
ULTRACEMCO,UltraTech Cement Limited,NSE:ULTRACEMCO-EQ
ULTRAMAR,Ultramarine & Pigments Limited,NSE:ULTRAMAR-EQ
UMESLTD,Usha Martin Education & Solutions Limited,NSE:UMESLTD-EQ
UMIYA-MRO,UMIYA BUILDCON LIMITED,NSE:UMIYA-MRO-EQ
UNICHEMLAB,Unichem Laboratories Limited,NSE:UNICHEMLAB-EQ
UNIECOM,Unicommerce Esolutions Limited,NSE:UNIECOM-EQ
UNIENTER,Uniphos Enterprises Limited,NSE:UNIENTER-EQ
UNIINFO,Uniinfo Telecom Services Limited,NSE:UNIINFO-EQ
UNIMECH,Unimech Aerospace and Manufacturing Limited,NSE:UNIMECH-EQ
UNIONBANK,Union Bank of India,NSE:UNIONBANK-EQ
UNIPARTS,Uniparts India Limited,NSE:UNIPARTS-EQ
UNITDSPR,United Spirits Limited,NSE:UNITDSPR-EQ
UNITECH,Unitech Limited,NSE:UNITECH-EQ
UNITEDPOLY,United Polyfab Gujarat Limited,NSE:UNITEDPOLY-EQ
UNITEDTEA,The United Nilgiri Tea Estates Company Limited,NSE:UNITEDTEA-EQ
UNIVCABLES,Universal Cables Limited,NSE:UNIVCABLES-EQ
UNOMINDA,UNO Minda Limited,NSE:UNOMINDA-EQ
UPHOT,U P Hotels Limited,NSE:UPHOT-EQ
UPL,UPL Limited,NSE:UPL-EQ
URBANCO,Urban Company Limited,NSE:URBANCO-EQ
URJA,Urja Global Limited,NSE:URJA-EQ
USHAMART,Usha Martin Limited,NSE:USHAMART-EQ
USK,Udayshivakumar Infra Limited,NSE:USK-EQ
UTIAMC,UTI Asset Management Company Limited,NSE:UTIAMC-EQ
UTKARSHBNK,Utkarsh Small Finance Bank Limited,NSE:UTKARSHBNK-EQ
UTLSOLAR,Fujiyama Power Systems Limited,NSE:UTLSOLAR-EQ
UTTAMSUGAR,Uttam Sugar Mills Limited,NSE:UTTAMSUGAR-EQ
V2RETAIL,V2 Retail Limited,NSE:V2RETAIL-EQ
VADILALIND,Vadilal Industries Limited,NSE:VADILALIND-EQ
VADILENT,Vadilal Enterprises Limited,NSE:VADILENT-EQ
VAIBHAVGBL,Vaibhav Global Limited,NSE:VAIBHAVGBL-EQ
VAISHALI,Vaishali Pharma Limited,NSE:VAISHALI-EQ
VAKRANGEE,Vakrangee Limited,NSE:VAKRANGEE-EQ
VAML,Vedanta Aluminium Metal Limited,NSE:VAML-EQ
VARDMNPOLY,Vardhman Polytex Limited,NSE:VARDMNPOLY-EQ
VARROC,Varroc Engineering Limited,NSE:VARROC-EQ
VASCONEQ,Vascon Engineers Limited,NSE:VASCONEQ-EQ
VASUPRADA,Shri Vasuprada Plantations Limited,NSE:VASUPRADA-EQ
VASWANI,Vaswani Industries Limited,NSE:VASWANI-EQ
VBL,Varun Beverages Limited,NSE:VBL-EQ
VEDAVAAG,VEDAVAAG Systems Limited,NSE:VEDAVAAG-EQ
VEDL,Vedanta Limited,NSE:VEDL-EQ
VEDPOWER,Vedanta Power Limited,NSE:VEDPOWER-EQ
VEEDOL,Veedol Corporation Limited,NSE:VEEDOL-EQ
VENKEYS,Venky's (India) Limited,NSE:VENKEYS-EQ
VENTIVE,Ventive Hospitality Limited,NSE:VENTIVE-EQ
VENUSPIPES,Venus Pipes & Tubes Limited,NSE:VENUSPIPES-EQ
VERANDA,Veranda Learning Solutions Limited,NSE:VERANDA-EQ
VERTOZ,Vertoz Limited,NSE:VERTOZ-EQ
VESUVIUS,Vesuvius India Limited,NSE:VESUVIUS-EQ
VGCL,Vibrant Global Capital Limited,NSE:VGCL-EQ
VGL,VARVEE GLOBAL LIMITED,NSE:VGL-EQ
VGUARD,V-Guard Industries Limited,NSE:VGUARD-EQ
VHL,Vardhman Holdings Limited,NSE:VHL-EQ
VIDHIING,Vidhi Specialty Food Ingredients Limited,NSE:VIDHIING-EQ
VIDYAWIRES,Vidya Wires Limited,NSE:VIDYAWIRES-EQ
VIJAYA,Vijaya Diagnostic Centre Limited,NSE:VIJAYA-EQ
VIJSOLX,Vijay Solvex Limited,NSE:VIJSOLX-EQ
VIKASECO,Vikas EcoTech Limited,NSE:VIKASECO-EQ
VIKASLIFE,Vikas Lifecare Limited,NSE:VIKASLIFE-EQ
VIKRAMSOLR,Vikram Solar Limited,NSE:VIKRAMSOLR-EQ
VIKRAN,Vikran Engineering Limited,NSE:VIKRAN-EQ
VIMTALABS,Vimta Labs Limited,NSE:VIMTALABS-EQ
VINATIORGA,Vinati Organics Limited,NSE:VINATIORGA-EQ
VINCOFE,Vintage Coffee And Beverages Limited,NSE:VINCOFE-EQ
VINDHYATEL,Vindhya Telelinks Limited,NSE:VINDHYATEL-EQ
VINEETLAB,Vineet Laboratories Limited,NSE:VINEETLAB-EQ
VINNY,Vinny Overseas Limited,NSE:VINNY-EQ
VINYLINDIA,Vinyl Chemicals (India) Limited,NSE:VINYLINDIA-EQ
VIPCLOTHNG,VIP Clothing Limited,NSE:VIPCLOTHNG-EQ
VIPIND,VIP Industries Limited,NSE:VIPIND-EQ
VIRAT,Virat Industries Limited,NSE:VIRAT-EQ
VIRINCHI,Virinchi Limited,NSE:VIRINCHI-EQ
VISACHROME,VISA Chrome Limited,NSE:VISACHROME-EQ
VISAKAIND,Visaka Industries Limited,NSE:VISAKAIND-EQ
VISHAL,Vishal Fabrics Limited,NSE:VISHAL-EQ
VISHNU,Vishnu Chemicals Limited,NSE:VISHNU-EQ
VISHWARAJ,Vishwaraj Sugar Industries Limited,NSE:VISHWARAJ-EQ
VISL,Vedanta Iron and Steel Limited,NSE:VISL-EQ
VITAL,Vital Chemtech Limited,NSE:VITAL-EQ
VIVIANA,Viviana Power Tech Limited,NSE:VIVIANA-EQ
VIVIDHA,Visagar Polytex Limited,NSE:VIVIDHA-EQ
VIVOBIOT,Vivo Bio Tech Limited,NSE:VIVOBIOT-EQ
VIYASH,Viyash Scientific Limited,NSE:VIYASH-EQ
VLEGOV,VL E-Governance & IT Solutions Limited,NSE:VLEGOV-EQ
VLSFINANCE,VLS Finance Limited,NSE:VLSFINANCE-EQ
VMART,V-Mart Retail Limited,NSE:VMART-EQ
VMM,Vishal Mega Mart Limited,NSE:VMM-EQ
VMSTMT,VMS TMT Limited,NSE:VMSTMT-EQ
VOEPL,Virtuoso Optoelectronics Limited,NSE:VOEPL-EQ
VOGL,Vedanta Oil and Gas Limited,NSE:VOGL-EQ
VOITHPAPR,Voith Paper Fabrics India Limited,NSE:VOITHPAPR-EQ
VOLTAMP,Voltamp Transformers Limited,NSE:VOLTAMP-EQ
VOLTAS,Voltas Limited,NSE:VOLTAS-EQ
VPRPL,Vishnu Prakash R Punglia Limited,NSE:VPRPL-EQ
VRAJ,Vraj Iron and Steel Limited,NSE:VRAJ-EQ
VRLLOG,VRL Logistics Limited,NSE:VRLLOG-EQ
VSSL,Vardhman Special Steels Limited,NSE:VSSL-EQ
VSTIND,VST Industries Limited,NSE:VSTIND-EQ
VSTL,Vibhor Steel Tubes Limited,NSE:VSTL-EQ
VSTTILLERS,V.S.T Tillers Tractors Limited,NSE:VSTTILLERS-EQ
VTL,Vardhman Textiles Limited,NSE:VTL-EQ
VTMLTD,VTM Limited,NSE:VTMLTD-EQ
WAAREEENER,Waaree Energies Limited,NSE:WAAREEENER-EQ
WAAREEINDO,Indosolar Limited,NSE:WAAREEINDO-EQ
WAAREERTL,Waaree Renewable Technologies Limited,NSE:WAAREERTL-EQ
WABAG,VA Tech Wabag Limited,NSE:WABAG-EQ
WAKEFIT,Wakefit Innovations Limited,NSE:WAKEFIT-EQ
WALCHANNAG,Walchandnagar Industries Limited,NSE:WALCHANNAG-EQ
WANBURY,Wanbury Limited,NSE:WANBURY-EQ
WARDINMOBI,Wardwizard Innovations & Mobility Limited,NSE:WARDINMOBI-EQ
WATERBASE,Waterbase Limited,NSE:WATERBASE-EQ
WCIL,Western Carriers (India) Limited,NSE:WCIL-EQ
WEALTH,Wealth First Portfolio Managers Limited,NSE:WEALTH-EQ
WEBELSOLAR,Websol Energy System Limited,NSE:WEBELSOLAR-EQ
WEIZMANIND,Weizmann Limited,NSE:WEIZMANIND-EQ
WEL,Wonder Electricals Limited,NSE:WEL-EQ
WELCORP,Welspun Corp Limited,NSE:WELCORP-EQ
WELENT,Welspun Enterprises Limited,NSE:WELENT-EQ
WELSPLSOL,Welspun Specialty Solutions Limited,NSE:WELSPLSOL-EQ
WELSPUNLIV,Welspun Living Limited,NSE:WELSPUNLIV-EQ
WENDT,Wendt (India) Limited,NSE:WENDT-EQ
WESTLIFE,WESTLIFE FOODWORLD LIMITED,NSE:WESTLIFE-EQ
WEWIN,WE WIN LIMITED,NSE:WEWIN-EQ
WEWORK,WeWork India Management Limited,NSE:WEWORK-EQ
WHBRADY,WH Brady & Company Limited,NSE:WHBRADY-EQ
WHEELS,Wheels India Limited,NSE:WHEELS-EQ
WHIRLPOOL,Whirlpool of India Limited,NSE:WHIRLPOOL-EQ
WILLAMAGOR,Williamson Magor & Company Limited,NSE:WILLAMAGOR-EQ
WINDLAS,Windlas Biotech Limited,NSE:WINDLAS-EQ
WINDMACHIN,Windsor Machines Limited,NSE:WINDMACHIN-EQ
WIPL,The Western India Plywoods Limited,NSE:WIPL-EQ
WIPRO,Wipro Limited,NSE:WIPRO-EQ
WOCKPHARMA,Wockhardt Limited,NSE:WOCKPHARMA-EQ
WONDERLA,Wonderla Holidays Limited,NSE:WONDERLA-EQ
WORTHPERI,Worth Peripherals Limited,NSE:WORTHPERI-EQ
WPIL,WPIL Limited,NSE:WPIL-EQ
WSI,W S Industries (I) Limited,NSE:WSI-EQ
WSTCSTPAPR,West Coast Paper Mills Limited,NSE:WSTCSTPAPR-EQ
XCHANGING,Xchanging Solutions Limited,NSE:XCHANGING-EQ
XELPMOC,Xelpmoc Design And Tech Limited,NSE:XELPMOC-EQ
XPROINDIA,Xpro India Limited,NSE:XPROINDIA-EQ
XTGLOBAL,Xtglobal Infotech Limited,NSE:XTGLOBAL-EQ
XTRANET,Xtranet Technologies Limited,NSE:XTRANET-EQ
YASHO,Yasho Industries Limited,NSE:YASHO-EQ
YATHARTH,Yatharth Hospital & Trauma Care Services Limited,NSE:YATHARTH-EQ
YATRA,Yatra Online Limited,NSE:YATRA-EQ
YESBANK,Yes Bank Limited,NSE:YESBANK-EQ
YOGI,Yogi Limited,NSE:YOGI-EQ
YUKEN,Yuken India Limited,NSE:YUKEN-EQ
ZAGGLE,Zaggle Prepaid Ocean Services Limited,NSE:ZAGGLE-EQ
ZEEL,Zee Entertainment Enterprises Limited,NSE:ZEEL-EQ
ZEEMEDIA,Zee Media Corporation Limited,NSE:ZEEMEDIA-EQ
ZENITHEXPO,Zenith Exports Limited,NSE:ZENITHEXPO-EQ
ZENITHSTL,Zenith Steel Pipes & Industries Limited,NSE:ZENITHSTL-EQ
ZENSARTECH,Zensar Technologies Limited,NSE:ZENSARTECH-EQ
ZENTEC,Zen Technologies Limited,NSE:ZENTEC-EQ
ZFCVINDIA,ZF Commercial Vehicle Control Systems India Limited,NSE:ZFCVINDIA-EQ
ZFSTEERING,ZF Steering Gear (India) Limited,NSE:ZFSTEERING-EQ
ZIMLAB,Zim Laboratories Limited,NSE:ZIMLAB-EQ
ZODIAC,Zodiac Energy Limited,NSE:ZODIAC-EQ
ZODIACLOTH,Zodiac Clothing Company Limited,NSE:ZODIACLOTH-EQ
ZOTA,Zota Health Care LImited,NSE:ZOTA-EQ
ZSARACOM,Saraswati Commercial India Limited,NSE:ZSARACOM-EQ
ZUARI,Zuari Agro Chemicals Limited,NSE:ZUARI-EQ
ZUARIIND,ZUARI INDUSTRIES LIMITED,NSE:ZUARIIND-EQ
ZYDUSLIFE,Zydus Lifesciences Limited,NSE:ZYDUSLIFE-EQ
ZYDUSWELL,Zydus Wellness Limited,NSE:ZYDUSWELL-EQ
